episode,environment_steps,episode_steps,scenario_id,condition,success,collision,budget_cutoff,return,epsilon,demo_samples_cumulative,online_samples_cumulative,visible_dynamic_steps_cumulative,reference_risk_steps_cumulative,sampled_visible_dynamic_cumulative,risk_samples_cumulative,risk_buffer_size,risk_marked_total,risk_coverage_count,handover_progress,proposed_risk_steps_cumulative,intervention_steps_cumulative,teacher_fallback_steps_cumulative,teacher_unavailable_steps_cumulative,teacher_cache_hits_cumulative,teacher_planner_calls_cumulative,action_margin_candidate_steps_cumulative,action_margin_labeled_steps_cumulative,action_margin_safe_labels_cumulative,action_margin_blocked_labels_cumulative,action_margin_mean_loss,action_margin_batch_items_cumulative,prediction_loss_mean,prediction_td_loss_mean,prediction_q_abs_max,prediction_gradient_norm_mean,prediction_gradient_norm_max,prediction_diagnostic_batch_size,safe_samples_cumulative,safe_buffer_size,safe_coverage_count
0,300,300,static,static,0,0,0,-2.499999999999999,0.99857975,3792,11376,0,0,0,0,0,0,0,0.0,0,0,0,0,0,0,0,0,0,0,0.0,0,0.0,0.03098708808405879,1.4229741096496582,0.03334651300133469,0.12250981479883194,0,0,0,0
1,600,300,static,static,0,0,0,-2.2500000000000004,0.99715475,8592,25776,0,0,0,0,0,0,0,0.0,0,0,0,0,0,0,0,0,0,0,0.0,0,0.0,0.025115554176072166,13.5154390335083,0.08026786167885644,0.7342923879623413,0,0,0,0
2,900,300,static,static,0,0,0,-2.7999999999999976,0.99572975,13392,40176,0,0,0,0,0,0,0,0.0,0,0,0,0,0,0,0,0,0,0,0.0,0,0.0,0.022461086300096286,13.5154390335083,0.11459459690599655,0.8912859559059143,0,0,0,0
3,1200,300,static,static,0,0,0,-2.0999999999999996,0.99430475,18192,54576,0,0,0,0,0,0,0,0.0,0,0,0,0,0,0,0,0,0,0,0.0,0,0.0,0.01879912169106311,13.5154390335083,0.14079175265026733,1.5824910402297974,0,0,0,0
4,1500,300,static,static,0,0,0,-2.1000000000000005,0.99287975,22992,68976,0,0,0,0,0,0,0,0.0,0,0,0,0,0,0,0,0,0,0,0.0,0,0.0,0.016388506246582633,13.5154390335083,0.16153588069009187,1.5824910402297974,0,0,0,0
5,1800,300,static,static,0,0,0,-1.8500000000000014,0.99145475,27792,83376,0,0,0,0,0,0,0,0.0,0,0,0,0,0,0,0,0,0,0,0.0,0,0.0,0.015186892444550262,13.5154390335083,0.18907150258881159,1.7785555124282837,0,0,0,0
6,2100,300,static,static,0,0,0,-1.4000000000000008,0.99002975,32592,97776,0,0,0,0,0,0,0,0.0,0,0,0,0,0,0,0,0,0,0,0.0,0,0.0,0.0150299889406136,13.5154390335083,0.22746498273204596,2.21614146232605,0,0,0,0
7,2400,300,static,static,0,0,0,-2.8,0.98860475,37392,112176,0,0,0,0,0,0,0,0.0,0,0,0,0,0,0,0,0,0,0,0.0,0,0.0,0.014453780251656466,13.5154390335083,0.2581375578430728,2.21614146232605,0,0,0,0
8,2700,300,static,static,0,0,0,-2.300000000000001,0.98717975,42192,126576,0,0,0,0,0,0,0,0.0,0,0,0,0,0,0,0,0,0,0,0.0,0,0.0,0.01387597862425358,13.5154390335083,0.2818883764299723,2.21614146232605,0,0,0,0
9,3000,300,static,static,0,0,0,-2.599999999999998,0.98575475,46992,140976,0,0,0,0,0,0,0,0.0,0,0,0,0,0,0,0,0,0,0,0.0,0,0.0,0.013385197683170109,13.5154390335083,0.29768526017273295,2.21614146232605,0,0,0,0
10,3300,300,static,static,0,0,0,-2.999999999999999,0.98432975,51792,155376,0,0,0,0,0,0,0,0.0,0,0,0,0,0,0,0,0,0,0,0.0,0,0.0,0.012898843946852593,13.5154390335083,0.31172623083666934,2.21614146232605,0,0,0,0
11,3600,300,static,static,0,0,0,-2.7999999999999967,0.98290475,56592,169776,0,0,0,0,0,0,0,0.0,0,0,0,0,0,0,0,0,0,0,0.0,0,0.0,0.012855626455080165,13.5154390335083,0.33423790907127066,2.77984356880188,0,0,0,0
12,3900,300,static,static,0,0,0,-2.749999999999998,0.98147975,61392,184176,0,0,0,0,0,0,0,0.0,0,0,0,0,0,0,0,0,0,0,0.0,0,0.0,0.012991597827772493,13.5154390335083,0.3572147360018384,2.77984356880188,0,0,0,0
13,4200,300,static,static,0,0,0,-3.199999999999996,0.98005475,66192,198576,0,0,0,0,0,0,0,0.0,0,0,0,0,0,0,0,0,0,0,0.0,0,0.0,0.0128960662829499,13.5154390335083,0.3709023212303752,2.77984356880188,0,0,0,0
14,4500,300,static,static,0,0,0,-2.4499999999999997,0.97862975,70992,212976,0,0,0,0,0,0,0,0.0,0,0,0,0,0,0,0,0,0,0,0.0,0,0.0,0.01279826884554455,13.5154390335083,0.38537159662096365,2.818812131881714,0,0,0,0
15,4800,300,static,static,0,0,0,-2.0000000000000018,0.97720475,75792,227376,0,0,0,0,0,0,0,0.0,0,0,0,0,0,0,0,0,0,0,0.0,0,0.0,0.012812843278764299,13.5154390335083,0.4016651947287017,2.818812131881714,0,0,0,0
16,5100,300,static,static,0,0,0,-2.4500000000000006,0.9757797500000001,80592,241776,0,0,0,0,0,0,0,0.0,0,0,0,0,0,0,0,0,0,0,0.0,0,0.0,0.013026059463227097,13.5154390335083,0.4219293189547506,3.314638376235962,0,0,0,0
17,5400,300,static,static,0,0,0,-2.15,0.97435475,85392,256176,0,0,0,0,0,0,0,0.0,0,0,0,0,0,0,0,0,0,0,0.0,0,0.0,0.013478043562056787,13.606544494628906,0.4462966379988398,3.314638376235962,0,0,0,0
18,5700,300,static,static,0,0,0,-2.4999999999999964,0.97292975,90192,270576,0,0,0,0,0,0,0,0.0,0,0,0,0,0,0,0,0,0,0,0.0,0,0.0,0.013908262997632722,13.784435272216797,0.4713547777959306,3.314638376235962,0,0,0,0
19,6000,300,static,static,0,0,0,-2.799999999999996,0.97150475,94992,284976,0,0,0,0,0,0,0,0.0,0,0,0,0,0,0,0,0,0,0,0.0,0,0.0,0.014250418499218171,13.784435272216797,0.49195001182791565,3.471153974533081,0,0,0,0
20,6300,300,static,static,0,0,0,-2.45,0.97007975,99792,299376,0,0,0,0,0,0,0,0.0,0,0,0,0,0,0,0,0,0,0,0.0,0,0.0,0.014509428391028216,13.784435272216797,0.5058321463394655,3.471153974533081,0,0,0,0
21,6600,300,static,static,0,0,0,-1.900000000000002,0.96865475,104592,313776,0,0,0,0,0,0,0,0.0,0,0,0,0,0,0,0,0,0,0,0.0,0,0.0,0.014965080279172783,13.784435272216797,0.5230397540902559,3.471153974533081,0,0,0,0
22,6900,300,static,static,0,0,0,-2.5500000000000003,0.96722975,109392,328176,0,0,0,0,0,0,0,0.0,0,0,0,0,0,0,0,0,0,0,0.0,0,0.0,0.0154655457635914,13.784435272216797,0.5433418349741869,3.471153974533081,0,0,0,0
23,7200,300,static,static,0,0,0,-1.9500000000000022,0.96580475,114192,342576,0,0,0,0,0,0,0,0.0,0,0,0,0,0,0,0,0,0,0,0.0,0,0.0,0.015708241786089285,13.784435272216797,0.5579377996257151,5.391085147857666,0,0,0,0
24,7500,300,static,static,0,0,0,-2.499999999999999,0.96437975,118992,356976,0,0,0,0,0,0,0,0.0,0,0,0,0,0,0,0,0,0,0,0.0,0,0.0,0.015847917499746518,13.784435272216797,0.5690867575820316,5.391085147857666,0,0,0,0
25,7800,300,static,static,0,0,0,-2.749999999999997,0.96295475,123792,371376,0,0,0,0,0,0,0,0.0,0,0,0,0,0,0,0,0,0,0,0.0,0,0.0,0.01594448449447389,13.784435272216797,0.5788628645587331,5.391085147857666,0,0,0,0
26,8100,300,static,static,0,0,0,-2.249999999999999,0.96152975,128592,385776,0,0,0,0,0,0,0,0.0,0,0,0,0,0,0,0,0,0,0,0.0,0,0.0,0.01624998312017754,13.784435272216797,0.5931407319286465,5.391085147857666,0,0,0,0
27,8400,300,static,static,0,0,0,-1.950000000000001,0.96010475,133392,400176,0,0,0,0,0,0,0,0.0,0,0,0,0,0,0,0,0,0,0,0.0,0,0.0,0.016444764968892096,13.784435272216797,0.6085559133311454,5.391085147857666,0,0,0,0
28,8700,300,static,static,0,0,0,-2.2499999999999982,0.95867975,138192,414576,0,0,0,0,0,0,0,0.0,0,0,0,0,0,0,0,0,0,0,0.0,0,0.0,0.0165441530053389,13.784435272216797,0.6175626878221422,5.391085147857666,0,0,0,0
29,9000,300,static,static,0,0,0,-2.7999999999999976,0.95725475,142992,428976,0,0,0,0,0,0,0,0.0,0,0,0,0,0,0,0,0,0,0,0.0,0,0.0,0.01665458448598143,13.784435272216797,0.6275983408265503,5.391085147857666,0,0,0,0
30,9300,300,static,static,0,0,0,-1.6500000000000017,0.95582975,147792,443376,0,0,0,0,0,0,0,0.0,0,0,0,0,0,0,0,0,0,0,0.0,0,0.0,0.016730678883037677,13.784435272216797,0.6433672626903895,5.391085147857666,0,0,0,0
31,9600,300,static,static,0,0,0,-2.399999999999998,0.95440475,152592,457776,0,0,0,0,0,0,0,0.0,0,0,0,0,0,0,0,0,0,0,0.0,0,0.0,0.01690340005262223,14.447761535644531,0.6570704853771235,5.613088607788086,0,0,0,0
32,9900,300,static,static,0,0,0,-2.4000000000000004,0.95297975,157392,472176,0,0,0,0,0,0,0,0.0,0,0,0,0,0,0,0,0,0,0,0.0,0,0.0,0.017130423396985034,14.447761535644531,0.6743553663701288,5.88941764831543,0,0,0,0
33,10200,300,static,static,0,0,0,-2.6499999999999995,0.95155475,162192,486576,0,0,0,0,0,0,0,0.0,0,0,0,0,0,0,0,0,0,0,0.0,0,0.0,0.017312938666099415,15.306439399719238,0.6970395639761007,7.658921241760254,0,0,0,0
34,10500,300,static,static,0,0,0,-2.8999999999999972,0.95012975,166992,500976,0,0,0,0,0,0,0,0.0,0,0,0,0,0,0,0,0,0,0,0.0,0,0.0,0.017357497304067434,15.31770133972168,0.7114851043820706,7.658921241760254,0,0,0,0
35,10800,300,static,static,0,0,0,-2.150000000000001,0.94870475,171792,515376,0,0,0,0,0,0,0,0.0,0,0,0,0,0,0,0,0,0,0,0.0,0,0.0,0.017402805506134742,15.615312576293945,0.7307963969935465,7.658921241760254,0,0,0,0
36,11100,300,static,static,0,0,0,-2.200000000000001,0.94727975,176592,529776,0,0,0,0,0,0,0,0.0,0,0,0,0,0,0,0,0,0,0,0.0,0,0.0,0.01764940582881137,17.623779296875,0.7566101311468387,9.160122871398926,0,0,0,0
37,11400,300,static,static,0,0,0,-2.5499999999999994,0.94585475,181392,544176,0,0,0,0,0,0,0,0.0,0,0,0,0,0,0,0,0,0,0,0.0,0,0.0,0.01791123757590257,18.545150756835938,0.7816712638633758,9.160122871398926,0,0,0,0
38,11700,300,static,static,0,0,0,-2.500000000000001,0.94442975,186192,558576,0,0,0,0,0,0,0,0.0,0,0,0,0,0,0,0,0,0,0,0.0,0,0.0,0.018348071662572425,18.900402069091797,0.8168159201532738,12.217247009277344,0,0,0,0
39,12000,300,static,static,0,0,0,-1.9000000000000024,0.9430047500000001,190992,572976,0,0,0,0,0,0,0,0.0,0,0,0,0,0,0,0,0,0,0,0.0,0,0.0,0.018740981233754766,19.66157341003418,0.855267218584723,12.217247009277344,0,0,0,0
40,12300,300,static,static,0,0,0,-2.8499999999999974,0.94157975,195792,587376,0,0,0,0,0,0,0,0.0,0,0,0,0,0,0,0,0,0,0,0.0,0,0.0,0.01908088620124441,19.874889373779297,0.8874582684226852,15.074119567871094,0,0,0,0
41,12600,300,static,static,0,0,0,-2.5500000000000007,0.94015475,200592,601776,0,0,0,0,0,0,0,0.0,0,0,0,0,0,0,0,0,0,0,0.0,0,0.0,0.019668972127284724,20.343847274780273,0.9397021529517766,15.850540161132812,0,0,0,0
42,12900,300,static,static,0,0,0,-1.9500000000000006,0.93872975,205392,616176,0,0,0,0,0,0,0,0.0,0,0,0,0,0,0,0,0,0,0,0.0,0,0.0,0.020077997079832106,20.621273040771484,0.9777138989841784,19.36254119873047,0,0,0,0
43,13200,300,static,static,0,0,0,-2.4500000000000015,0.93730475,210192,630576,0,0,0,0,0,0,0,0.0,0,0,0,0,0,0,0,0,0,0,0.0,0,0.0,0.02036455947341257,20.715858459472656,1.0151180640980502,19.36254119873047,0,0,0,0
44,13500,300,static,static,0,0,0,-2.899999999999998,0.93587975,214992,644976,0,0,0,0,0,0,0,0.0,0,0,0,0,0,0,0,0,0,0,0.0,0,0.0,0.02056965254041822,20.88886833190918,1.0402874689716037,19.36254119873047,0,0,0,0
45,13800,300,static,static,0,0,0,-2.2999999999999994,0.93445475,219792,659376,0,0,0,0,0,0,0,0.0,0,0,0,0,0,0,0,0,0,0,0.0,0,0.0,0.020710773817922187,21.094406127929688,1.077678274085008,19.36254119873047,0,0,0,0
46,14100,300,static,static,0,0,0,-2.399999999999998,0.93302975,224592,673776,0,0,0,0,0,0,0,0.0,0,0,0,0,0,0,0,0,0,0,0.0,0,0.0,0.02091246930022933,21.094406127929688,1.1178240932602428,19.36254119873047,0,0,0,0
47,14400,300,static,static,0,0,0,-1.6500000000000012,0.93160475,229392,688176,0,0,0,0,0,0,0,0.0,0,0,0,0,0,0,0,0,0,0,0.0,0,0.0,0.021033965191112898,21.094406127929688,1.1626705745446657,23.303539276123047,0,0,0,0
48,14700,300,static,static,0,0,0,-2.05,0.93017975,234192,702576,0,0,0,0,0,0,0,0.0,0,0,0,0,0,0,0,0,0,0,0.0,0,0.0,0.021010297180205667,21.094406127929688,1.1907808137877205,23.303539276123047,0,0,0,0
49,15000,300,static,static,0,0,0,-1.9500000000000013,0.92875475,238992,716976,0,0,0,0,0,0,0,0.0,0,0,0,0,0,0,0,0,0,0,0.0,0,0.0,0.02104132475170625,21.223114013671875,1.2276211780001007,24.389972686767578,0,0,0,0
50,15300,300,static,static,0,0,0,-2.1500000000000004,0.92732975,243792,731376,0,0,0,0,0,0,0,0.0,0,0,0,0,0,0,0,0,0,0,0.0,0,0.0,0.02107452814626292,21.223114013671875,1.273200800342474,24.389972686767578,0,0,0,0
51,15600,300,static,static,0,0,0,-2.649999999999999,0.92590475,248592,745776,0,0,0,0,0,0,0,0.0,0,0,0,0,0,0,0,0,0,0,0.0,0,0.0,0.021116618898469955,21.223114013671875,1.3026898626623595,24.389972686767578,0,0,0,0
52,15900,300,static,static,0,0,0,-1.7000000000000022,0.92447975,253392,760176,0,0,0,0,0,0,0,0.0,0,0,0,0,0,0,0,0,0,0,0.0,0,0.0,0.02107112819363071,21.223114013671875,1.3353847380318646,24.389972686767578,0,0,0,0
53,16200,300,static,static,0,0,0,-2.549999999999998,0.92305475,258192,774576,0,0,0,0,0,0,0,0.0,0,0,0,0,0,0,0,0,0,0,0.0,0,0.0,0.02097833596075356,21.223114013671875,1.3617563188399389,24.389972686767578,0,0,0,0
54,16500,300,static,static,0,0,0,-1.7000000000000015,0.92162975,262992,788976,0,0,0,0,0,0,0,0.0,0,0,0,0,0,0,0,0,0,0,0.0,0,0.0,0.020857852978330194,21.25895118713379,1.3850414907567288,24.389972686767578,0,0,0,0
55,16800,300,static,static,0,0,0,-2.400000000000001,0.92020475,267792,803376,0,0,0,0,0,0,0,0.0,0,0,0,0,0,0,0,0,0,0,0.0,0,0.0,0.020712269204685115,21.25895118713379,1.409392635490725,24.389972686767578,0,0,0,0
56,17100,300,static,static,0,0,0,-2.2499999999999996,0.91877975,272592,817776,0,0,0,0,0,0,0,0.0,0,0,0,0,0,0,0,0,0,0,0.0,0,0.0,0.020598236808518133,21.25895118713379,1.44033571385409,24.389972686767578,0,0,0,0
57,17400,300,static,static,0,0,0,-1.950000000000001,0.91735475,277392,832176,0,0,0,0,0,0,0,0.0,0,0,0,0,0,0,0,0,0,0,0.0,0,0.0,0.02044459351724899,21.25895118713379,1.46764745934119,24.389972686767578,0,0,0,0
58,17700,300,static,static,0,0,0,-2.0500000000000007,0.91592975,282192,846576,0,0,0,0,0,0,0,0.0,0,0,0,0,0,0,0,0,0,0,0.0,0,0.0,0.020283274025964505,21.25895118713379,1.4947869613960307,24.389972686767578,0,0,0,0
59,18000,300,static,static,0,0,0,-2.4499999999999984,0.91450475,286992,860976,0,0,0,0,0,0,0,0.0,0,0,0,0,0,0,0,0,0,0,0.0,0,0.0,0.020086887168081234,21.25895118713379,1.5081773709330872,24.389972686767578,0,0,0,0
60,18300,300,static,static,0,0,0,-2.7999999999999985,0.91307975,291792,875376,0,0,0,0,0,0,0,0.0,0,0,0,0,0,0,0,0,0,0,0.0,0,0.0,0.019902291144174664,21.25895118713379,1.521893720997443,24.389972686767578,0,0,0,0
61,18600,300,static,static,0,0,0,-2.050000000000001,0.9116547500000001,296592,889776,0,0,0,0,0,0,0,0.0,0,0,0,0,0,0,0,0,0,0,0.0,0,0.0,0.01973404699684348,21.25895118713379,1.5459102882794447,24.389972686767578,0,0,0,0
62,18900,300,static,static,0,0,0,-3.149999999999997,0.9102297500000001,301392,904176,0,0,0,0,0,0,0,0.0,0,0,0,0,0,0,0,0,0,0,0.0,0,0.0,0.019531647825361764,21.25895118713379,1.5552290207243622,24.389972686767578,0,0,0,0
63,19200,300,static,static,0,0,0,-2.7,0.90880475,306192,918576,0,0,0,0,0,0,0,0.0,0,0,0,0,0,0,0,0,0,0,0.0,0,0.0,0.01934615953574492,21.25895118713379,1.570644524716552,24.389972686767578,0,0,0,0
64,19500,300,static,static,0,0,0,-1.4500000000000008,0.90737975,310992,932976,0,0,0,0,0,0,0,0.0,0,0,0,0,0,0,0,0,0,0,0.0,0,0.0,0.01914761830643791,21.25895118713379,1.5813118083321873,24.389972686767578,0,0,0,0
65,19800,300,static,static,0,0,0,-2.100000000000002,0.90595475,315792,947376,0,0,0,0,0,0,0,0.0,0,0,0,0,0,0,0,0,0,0,0.0,0,0.0,0.01895519663995382,21.25895118713379,1.5937797995155145,24.389972686767578,0,0,0,0
66,20100,300,static,static,0,0,0,-1.8500000000000014,0.90452975,320592,961776,0,0,0,0,0,0,0,0.0,0,0,0,0,0,0,0,0,0,0,0.0,0,0.0,0.01878699942450767,21.25895118713379,1.6119326715902442,24.389972686767578,0,0,0,0
67,20400,300,static,static,0,0,0,-1.4000000000000012,0.90310475,325392,976176,0,0,0,0,0,0,0,0.0,0,0,0,0,0,0,0,0,0,0,0.0,0,0.0,0.01862574811015086,21.25895118713379,1.627858497035132,24.389972686767578,0,0,0,0
68,20700,300,static,static,0,0,0,-1.2000000000000013,0.90167975,330192,990576,0,0,0,0,0,0,0,0.0,0,0,0,0,0,0,0,0,0,0,0.0,0,0.0,0.018459391842244047,21.25895118713379,1.6429704997874057,24.389972686767578,0,0,0,0
69,21000,300,static,static,0,0,0,-1.900000000000001,0.90025475,334992,1004976,0,0,0,0,0,0,0,0.0,0,0,0,0,0,0,0,0,0,0,0.0,0,0.0,0.018282654583473706,21.25895118713379,1.6534417067367877,24.389972686767578,0,0,0,0
70,21300,300,static,static,0,0,0,-2.1500000000000004,0.89882975,339792,1019376,0,0,0,0,0,0,0,0.0,0,0,0,0,0,0,0,0,0,0,0.0,0,0.0,0.01809384480248493,21.25895118713379,1.6609736810323088,24.389972686767578,0,0,0,0
71,21600,300,static,static,0,0,0,-2.4999999999999987,0.89740475,344592,1033776,0,0,0,0,0,0,0,0.0,0,0,0,0,0,0,0,0,0,0,0.0,0,0.0,0.01790095723144323,21.25895118713379,1.663905304903236,24.389972686767578,0,0,0,0
72,21900,300,static,static,0,0,0,-2.4499999999999997,0.89597975,349392,1048176,0,0,0,0,0,0,0,0.0,0,0,0,0,0,0,0,0,0,0,0.0,0,0.0,0.01771631133510621,21.25895118713379,1.6679786862072992,24.389972686767578,0,0,0,0
73,22200,300,static,static,0,0,0,-1.7500000000000016,0.89455475,354192,1062576,0,0,0,0,0,0,0,0.0,0,0,0,0,0,0,0,0,0,0,0.0,0,0.0,0.01754782519507474,21.25895118713379,1.6761205948817692,24.389972686767578,0,0,0,0
74,22500,300,static,static,0,0,0,-2.1000000000000005,0.8931297500000001,358992,1076976,0,0,0,0,0,0,0,0.0,0,0,0,0,0,0,0,0,0,0,0.0,0,0.0,0.0174296029777537,21.25895118713379,1.6965401312811388,24.389972686767578,0,0,0,0
75,22800,300,static,static,0,0,0,-2.1000000000000005,0.89170475,363792,1091376,0,0,0,0,0,0,0,0.0,0,0,0,0,0,0,0,0,0,0,0.0,0,0.0,0.017270791323311316,21.25895118713379,1.699515681626307,24.389972686767578,0,0,0,0
76,23100,300,static,static,0,0,0,-1.2000000000000008,0.89027975,368592,1105776,0,0,0,0,0,0,0,0.0,0,0,0,0,0,0,0,0,0,0,0.0,0,0.0,0.017129732852008254,21.25895118713379,1.7114201365522466,24.389972686767578,0,0,0,0
77,23400,300,static,static,0,0,0,-2.2,0.88885475,373392,1120176,0,0,0,0,0,0,0,0.0,0,0,0,0,0,0,0,0,0,0,0.0,0,0.0,0.0169882260292807,21.25895118713379,1.7218212688658163,24.389972686767578,0,0,0,0
78,23700,300,static,static,0,0,0,-2.9000000000000012,0.88742975,378192,1134576,0,0,0,0,0,0,0,0.0,0,0,0,0,0,0,0,0,0,0,0.0,0,0.0,0.016841273631859534,21.25895118713379,1.7337164326103474,24.389972686767578,0,0,0,0
79,24000,300,static,static,0,0,0,-1.6500000000000015,0.88600475,382992,1148976,0,0,0,0,0,0,0,0.0,0,0,0,0,0,0,0,0,0,0,0.0,0,0.0,0.01668389908102238,21.25895118713379,1.7380639562557325,24.389972686767578,0,0,0,0
80,24300,300,static,static,0,0,0,-1.8500000000000014,0.88457975,387792,1163376,0,0,0,0,0,0,0,0.0,0,0,0,0,0,0,0,0,0,0,0.0,0,0.0,0.016532644974478386,21.25895118713379,1.7427999261643057,24.389972686767578,0,0,0,0
81,24600,300,static,static,0,0,0,-1.8500000000000016,0.88315475,392592,1177776,0,0,0,0,0,0,0,0.0,0,0,0,0,0,0,0,0,0,0,0.0,0,0.0,0.01639185896236385,21.25895118713379,1.749071565105616,24.389972686767578,0,0,0,0
82,24900,300,static,static,0,0,0,-1.5000000000000016,0.88172975,397392,1192176,0,0,0,0,0,0,0,0.0,0,0,0,0,0,0,0,0,0,0,0.0,0,0.0,0.01625282097540618,21.25895118713379,1.75329765250355,24.389972686767578,0,0,0,0
83,25200,300,static,static,0,0,0,-2.2000000000000006,0.88030475,402192,1206576,0,0,0,0,0,0,0,0.0,0,0,0,0,0,0,0,0,0,0,0.0,0,0.0,0.016126983373291003,21.25895118713379,1.762810202985367,24.389972686767578,0,0,0,0
84,25500,300,static,static,0,0,0,-1.9000000000000015,0.8788797500000001,406992,1220976,0,0,0,0,0,0,0,0.0,0,0,0,0,0,0,0,0,0,0,0.0,0,0.0,0.015991032645052496,21.25895118713379,1.7662528917337046,24.389972686767578,0,0,0,0
85,25800,300,static,static,0,0,0,-1.6000000000000012,0.8774547500000001,411792,1235376,0,0,0,0,0,0,0,0.0,0,0,0,0,0,0,0,0,0,0,0.0,0,0.0,0.01586287723372438,21.25895118713379,1.7721346161727316,24.389972686767578,0,0,0,0
86,26100,300,static,static,0,0,0,-1.9000000000000008,0.87602975,416592,1249776,0,0,0,0,0,0,0,0.0,0,0,0,0,0,0,0,0,0,0,0.0,0,0.0,0.015736068492204196,21.25895118713379,1.7796564266849761,24.389972686767578,0,0,0,0
87,26400,300,static,static,0,0,0,-0.850000000000001,0.87460475,421392,1264176,0,0,0,0,0,0,0,0.0,0,0,0,0,0,0,0,0,0,0,0.0,0,0.0,0.015601881153208404,21.25895118713379,1.7811432061111698,24.389972686767578,0,0,0,0
88,26700,300,static,static,0,0,0,-1.4500000000000017,0.87317975,426192,1278576,0,0,0,0,0,0,0,0.0,0,0,0,0,0,0,0,0,0,0,0.0,0,0.0,0.015481696899285722,21.25895118713379,1.785402713863111,24.389972686767578,0,0,0,0
89,27000,300,static,static,0,0,0,-1.450000000000001,0.87175475,430992,1292976,0,0,0,0,0,0,0,0.0,0,0,0,0,0,0,0,0,0,0,0.0,0,0.0,0.015359033682715784,21.25895118713379,1.7879939332279793,24.389972686767578,0,0,0,0
90,27300,300,static,static,0,0,0,-1.6500000000000015,0.87032975,435792,1307376,0,0,0,0,0,0,0,0.0,0,0,0,0,0,0,0,0,0,0,0.0,0,0.0,0.015251898959851934,21.25895118713379,1.7963969224166723,24.389972686767578,0,0,0,0
91,27600,300,static,static,0,0,0,-1.100000000000001,0.86890475,440592,1321776,0,0,0,0,0,0,0,0.0,0,0,0,0,0,0,0,0,0,0,0.0,0,0.0,0.015150994738741893,21.25895118713379,1.8037983954731038,24.389972686767578,0,0,0,0
92,27900,300,static,static,0,0,0,-0.5500000000000007,0.86747975,445392,1336176,0,0,0,0,0,0,0,0.0,0,0,0,0,0,0,0,0,0,0,0.0,0,0.0,0.015060786546495555,21.25895118713379,1.8128818897363321,24.389972686767578,0,0,0,0
93,28200,300,static,static,0,0,0,-1.600000000000001,0.86605475,450192,1350576,0,0,0,0,0,0,0,0.0,0,0,0,0,0,0,0,0,0,0,0.0,0,0.0,0.014990342861665121,21.25895118713379,1.8254418261322556,24.389972686767578,0,0,0,0
94,28500,300,static,static,0,0,0,-1.4000000000000021,0.86462975,454992,1364976,0,0,0,0,0,0,0,0.0,0,0,0,0,0,0,0,0,0,0,0.0,0,0.0,0.014894327729930164,21.25895118713379,1.8305313373526384,24.389972686767578,0,0,0,0
95,28800,300,static,static,0,0,0,-2.4499999999999993,0.86320475,459792,1379376,0,0,0,0,0,0,0,0.0,0,0,0,0,0,0,0,0,0,0,0.0,0,0.0,0.014788273719053061,21.25895118713379,1.8311513920191653,24.389972686767578,0,0,0,0
96,29100,300,static,static,0,0,0,-1.750000000000001,0.86177975,464592,1393776,0,0,0,0,0,0,0,0.0,0,0,0,0,0,0,0,0,0,0,0.0,0,0.0,0.014701287768488417,21.25895118713379,1.8397954281007658,24.389972686767578,0,0,0,0
97,29400,300,static,static,0,0,0,-1.5000000000000018,0.8603547500000001,469392,1408176,0,0,0,0,0,0,0,0.0,0,0,0,0,0,0,0,0,0,0,0.0,0,0.0,0.014594748309884805,21.25895118713379,1.8397645532029994,24.389972686767578,0,0,0,0
98,29700,300,static,static,0,0,0,-0.5000000000000011,0.85892975,474192,1422576,0,0,0,0,0,0,0,0.0,0,0,0,0,0,0,0,0,0,0,0.0,0,0.0,0.014496394490167356,21.25895118713379,1.842929865084916,24.389972686767578,0,0,0,0
99,30000,300,static,static,0,0,0,-2.7999999999999994,0.85750475,478992,1436976,0,0,0,0,0,0,0,0.0,0,0,0,0,0,0,0,0,0,0,0.0,0,0.0,0.014407939568660679,21.25895118713379,1.8469183561832327,24.389972686767578,0,0,0,0
100,30300,300,static,static,0,0,0,-2.0,0.85607975,483792,1451376,0,0,0,0,0,0,0,0.0,0,0,0,0,0,0,0,0,0,0,0.0,0,0.0,0.014318845462852432,21.25895118713379,1.8508297151593442,24.389972686767578,0,0,0,0
101,30600,300,static,static,0,0,0,-1.7500000000000013,0.85465475,488592,1465776,0,0,0,0,0,0,0,0.0,0,0,0,0,0,0,0,0,0,0,0.0,0,0.0,0.014242476872217583,21.25895118713379,1.8579586889270994,24.389972686767578,0,0,0,0
102,30900,300,static,static,0,0,0,-1.8000000000000014,0.85322975,493392,1480176,0,0,0,0,0,0,0,0.0,0,0,0,0,0,0,0,0,0,0,0.0,0,0.0,0.014165398760024156,21.25895118713379,1.8651471025806727,24.389972686767578,0,0,0,0
103,31200,300,static,static,0,0,0,-2.599999999999998,0.85180475,498192,1494576,0,0,0,0,0,0,0,0.0,0,0,0,0,0,0,0,0,0,0,0.0,0,0.0,0.014077968810149341,21.25895118713379,1.8671543814761462,24.389972686767578,0,0,0,0
104,31500,300,static,static,0,0,0,-1.3000000000000014,0.85037975,502992,1508976,0,0,0,0,0,0,0,0.0,0,0,0,0,0,0,0,0,0,0,0.0,0,0.0,0.013987944243016843,21.25895118713379,1.8681703513892645,24.389972686767578,0,0,0,0
105,31800,300,static,static,0,0,0,-2.55,0.84895475,507792,1523376,0,0,0,0,0,0,0,0.0,0,0,0,0,0,0,0,0,0,0,0.0,0,0.0,0.013905871666108911,21.25895118713379,1.870066530494134,24.389972686767578,0,0,0,0
106,32100,300,static,static,0,0,0,-1.6500000000000015,0.84752975,512592,1537776,0,0,0,0,0,0,0,0.0,0,0,0,0,0,0,0,0,0,0,0.0,0,0.0,0.013820003068919829,21.25895118713379,1.8681784753646575,24.389972686767578,0,0,0,0
107,32400,300,static,static,0,0,0,-1.9999999999999982,0.8461047500000001,517392,1552176,0,0,0,0,0,0,0,0.0,0,0,0,0,0,0,0,0,0,0,0.0,0,0.0,0.013734712978241272,21.25895118713379,1.8686970378272005,24.389972686767578,0,0,0,0
108,32700,300,static,static,0,0,0,-1.7500000000000013,0.8446797500000001,522192,1566576,0,0,0,0,0,0,0,0.0,0,0,0,0,0,0,0,0,0,0,0.0,0,0.0,0.013657617092325014,21.25895118713379,1.872072363927762,24.389972686767578,0,0,0,0
109,33000,300,static,static,0,0,0,-1.050000000000001,0.84325475,526992,1580976,0,0,0,0,0,0,0,0.0,0,0,0,0,0,0,0,0,0,0,0.0,0,0.0,0.013565413845875573,21.25895118713379,1.8686329934304895,24.389972686767578,0,0,0,0
110,33300,300,static,static,0,0,0,-1.1000000000000014,0.84182975,531792,1595376,0,0,0,0,0,0,0,0.0,0,0,0,0,0,0,0,0,0,0,0.0,0,0.0,0.013482042355389355,21.25895118713379,1.8713988895652094,24.389972686767578,0,0,0,0
111,33600,300,static,static,0,0,0,-2.2000000000000015,0.84040475,536592,1609776,0,0,0,0,0,0,0,0.0,0,0,0,0,0,0,0,0,0,0,0.0,0,0.0,0.013396334198234678,21.25895118713379,1.8702779139869055,24.389972686767578,0,0,0,0
112,33900,300,static,static,0,0,0,-1.3500000000000012,0.83897975,541392,1624176,0,0,0,0,0,0,0,0.0,0,0,0,0,0,0,0,0,0,0,0.0,0,0.0,0.013314502645852386,21.25895118713379,1.8704209187091771,24.389972686767578,0,0,0,0
113,34200,300,static,static,0,0,0,-0.400000000000001,0.83755475,546192,1638576,0,0,0,0,0,0,0,0.0,0,0,0,0,0,0,0,0,0,0,0.0,0,0.0,0.013238243926209828,21.25895118713379,1.8733723892672187,24.389972686767578,0,0,0,0
114,34500,300,static,static,0,0,0,-2.3000000000000007,0.83612975,550992,1652976,0,0,0,0,0,0,0,0.0,0,0,0,0,0,0,0,0,0,0,0.0,0,0.0,0.013163052925325611,21.25895118713379,1.8752914446927587,24.389972686767578,0,0,0,0
115,34800,300,static,static,0,0,0,-1.450000000000001,0.83470475,555792,1667376,0,0,0,0,0,0,0,0.0,0,0,0,0,0,0,0,0,0,0,0.0,0,0.0,0.013084207795751306,21.25895118713379,1.875827548235614,24.389972686767578,0,0,0,0
116,35100,300,static,static,0,0,0,-1.8000000000000012,0.83327975,560592,1681776,0,0,0,0,0,0,0,0.0,0,0,0,0,0,0,0,0,0,0,0.0,0,0.0,0.013006486412618121,21.25895118713379,1.876376468120251,24.389972686767578,0,0,0,0
117,35400,300,static,static,0,0,0,-2.2,0.83185475,565392,1696176,0,0,0,0,0,0,0,0.0,0,0,0,0,0,0,0,0,0,0,0.0,0,0.0,0.012926372740036803,21.25895118713379,1.8752094074324774,24.389972686767578,0,0,0,0
118,35700,300,static,static,0,0,0,-0.9000000000000008,0.83042975,570192,1710576,0,0,0,0,0,0,0,0.0,0,0,0,0,0,0,0,0,0,0,0.0,0,0.0,0.012847148235977188,21.25895118713379,1.8722530037885217,24.389972686767578,0,0,0,0
119,36000,300,static,static,0,0,0,-1.7000000000000015,0.82900475,574992,1724976,0,0,0,0,0,0,0,0.0,0,0,0,0,0,0,0,0,0,0,0.0,0,0.0,0.012778966874171863,21.25895118713379,1.8752747966046386,24.389972686767578,0,0,0,0
120,36300,300,static,static,0,0,0,-2.1000000000000005,0.8275797500000001,579792,1739376,0,0,0,0,0,0,0,0.0,0,0,0,0,0,0,0,0,0,0,0.0,0,0.0,0.012703511337782558,21.25895118713379,1.8755334385952762,24.389972686767578,0,0,0,0
121,36600,300,static,static,0,0,0,-1.3500000000000012,0.82615475,584592,1753776,0,0,0,0,0,0,0,0.0,0,0,0,0,0,0,0,0,0,0,0.0,0,0.0,0.012625657856348994,21.25895118713379,1.8724717532429493,24.389972686767578,0,0,0,0
122,36900,300,static,static,0,0,0,-1.3500000000000014,0.82472975,589392,1768176,0,0,0,0,0,0,0,0.0,0,0,0,0,0,0,0,0,0,0,0.0,0,0.0,0.012545372261684977,21.25895118713379,1.8680935949454114,24.389972686767578,0,0,0,0
123,37200,300,static,static,0,0,0,-1.3000000000000007,0.82330475,594192,1782576,0,0,0,0,0,0,0,0.0,0,0,0,0,0,0,0,0,0,0,0.0,0,0.0,0.012472186951347476,21.25895118713379,1.8666944585978782,24.389972686767578,0,0,0,0
124,37500,300,static,static,0,0,0,-1.1000000000000012,0.82187975,598992,1796976,0,0,0,0,0,0,0,0.0,0,0,0,0,0,0,0,0,0,0,0.0,0,0.0,0.012407248800871795,21.25895118713379,1.8715182718250738,24.389972686767578,0,0,0,0
125,37800,300,static,static,0,0,0,-2.1500000000000017,0.82045475,603792,1811376,0,0,0,0,0,0,0,0.0,0,0,0,0,0,0,0,0,0,0,0.0,0,0.0,0.012331327403256412,21.25895118713379,1.8667539213426436,24.389972686767578,0,0,0,0
126,38100,300,static,static,0,0,0,-0.9000000000000011,0.81902975,608592,1825776,0,0,0,0,0,0,0,0.0,0,0,0,0,0,0,0,0,0,0,0.0,0,0.0,0.012258308331860975,21.25895118713379,1.8635389199267032,24.389972686767578,0,0,0,0
127,38400,300,static,static,0,0,0,-2.300000000000001,0.81760475,613392,1840176,0,0,0,0,0,0,0,0.0,0,0,0,0,0,0,0,0,0,0,0.0,0,0.0,0.012187238587405601,21.25895118713379,1.8623546722934305,24.389972686767578,0,0,0,0
128,38700,300,static,static,0,0,0,-1.3500000000000016,0.81617975,618192,1854576,0,0,0,0,0,0,0,0.0,0,0,0,0,0,0,0,0,0,0,0.0,0,0.0,0.012115642724320596,21.25895118713379,1.8613545712612116,24.389972686767578,0,0,0,0
129,39000,300,static,static,0,0,0,-1.8000000000000012,0.81475475,622992,1868976,0,0,0,0,0,0,0,0.0,0,0,0,0,0,0,0,0,0,0,0.0,0,0.0,0.012043884188427726,21.25895118713379,1.8586689290890956,24.389972686767578,0,0,0,0
130,39300,300,static,static,0,0,0,-2.450000000000001,0.8133297500000001,627792,1883376,0,0,0,0,0,0,0,0.0,0,0,0,0,0,0,0,0,0,0,0.0,0,0.0,0.01197089261195355,21.25895118713379,1.8556856215120612,24.389972686767578,0,0,0,0
131,39600,300,static,static,0,0,0,-1.9000000000000015,0.8119047500000001,632592,1897776,0,0,0,0,0,0,0,0.0,0,0,0,0,0,0,0,0,0,0,0.0,0,0.0,0.011898205226151,21.25895118713379,1.8510789815301014,24.389972686767578,0,0,0,0
132,39900,300,static,static,0,0,0,-1.9000000000000015,0.81047975,637392,1912176,0,0,0,0,0,0,0,0.0,0,0,0,0,0,0,0,0,0,0,0.0,0,0.0,0.011826369241608013,21.25895118713379,1.8470095463910918,24.389972686767578,0,0,0,0
133,40200,300,static,static,0,0,0,-0.8000000000000005,0.80905475,642192,1926576,0,0,0,0,0,0,0,0.0,0,0,0,0,0,0,0,0,0,0,0.0,0,0.0,0.011757048553152369,21.25895118713379,1.844121679118919,24.389972686767578,0,0,0,0
134,40500,300,static,static,0,0,0,-1.3000000000000018,0.80762975,646992,1940976,0,0,0,0,0,0,0,0.0,0,0,0,0,0,0,0,0,0,0,0.0,0,0.0,0.011689149276458097,21.25895118713379,1.8418319694751912,24.389972686767578,0,0,0,0
135,40800,300,static,static,0,0,0,-1.150000000000002,0.80620475,651792,1955376,0,0,0,0,0,0,0,0.0,0,0,0,0,0,0,0,0,0,0,0.0,0,0.0,0.011623568095550112,21.25895118713379,1.8404798033267915,24.389972686767578,0,0,0,0
136,41100,300,static,static,0,0,0,-1.6000000000000014,0.80477975,656592,1969776,0,0,0,0,0,0,0,0.0,0,0,0,0,0,0,0,0,0,0,0.0,0,0.0,0.01155733253113302,21.25895118713379,1.8375214851928137,24.389972686767578,0,0,0,0
137,41400,300,static,static,0,0,0,-1.1500000000000008,0.80335475,661392,1984176,0,0,0,0,0,0,0,0.0,0,0,0,0,0,0,0,0,0,0,0.0,0,0.0,0.011490370431177135,21.25895118713379,1.8339734164623869,24.389972686767578,0,0,0,0
138,41700,300,static,static,0,0,0,-2.5999999999999988,0.80192975,666192,1998576,0,0,0,0,0,0,0,0.0,0,0,0,0,0,0,0,0,0,0,0.0,0,0.0,0.011426196518564554,21.25895118713379,1.8325267105232146,24.389972686767578,0,0,0,0
139,42000,300,static,static,0,0,0,-2.4999999999999987,0.80050475,670992,2012976,0,0,0,0,0,0,0,0.0,0,0,0,0,0,0,0,0,0,0,0.0,0,0.0,0.011356798967206785,21.25895118713379,1.8263122733840136,24.389972686767578,0,0,0,0
140,42300,300,static,static,0,0,0,-1.6000000000000012,0.79907975,675792,2027376,0,0,0,0,0,0,0,0.0,0,0,0,0,0,0,0,0,0,0,0.0,0,0.0,0.011289003084887372,21.25895118713379,1.8219887390221097,24.389972686767578,0,0,0,0
141,42600,300,static,static,0,0,0,-1.1000000000000008,0.79765475,680592,2041776,0,0,0,0,0,0,0,0.0,0,0,0,0,0,0,0,0,0,0,0.0,0,0.0,0.011225228810541214,21.25895118713379,1.8198163144701602,24.389972686767578,0,0,0,0
142,42900,300,static,static,0,0,0,-2.0999999999999996,0.79622975,685392,2056176,0,0,0,0,0,0,0,0.0,0,0,0,0,0,0,0,0,0,0,0.0,0,0.0,0.011158071400367106,21.25895118713379,1.815477357545889,24.389972686767578,0,0,0,0
143,43200,300,static,static,0,0,0,-1.700000000000002,0.79480475,690192,2070576,0,0,0,0,0,0,0,0.0,0,0,0,0,0,0,0,0,0,0,0.0,0,0.0,0.011089809037491955,21.25895118713379,1.80943264177928,24.389972686767578,0,0,0,0
144,43500,300,static,static,0,0,0,-2.349999999999999,0.79337975,694992,2084976,0,0,0,0,0,0,0,0.0,0,0,0,0,0,0,0,0,0,0,0.0,0,0.0,0.011021391108497059,21.25895118713379,1.8027529559001443,24.389972686767578,0,0,0,0
145,43800,300,static,static,0,0,0,-1.350000000000002,0.79195475,699792,2099376,0,0,0,0,0,0,0,0.0,0,0,0,0,0,0,0,0,0,0,0.0,0,0.0,0.010956547787003827,21.25895118713379,1.7981335962620015,24.389972686767578,0,0,0,0
146,44100,300,static,static,0,0,0,-1.4500000000000013,0.79052975,704592,2113776,0,0,0,0,0,0,0,0.0,0,0,0,0,0,0,0,0,0,0,0.0,0,0.0,0.01089279693990156,21.25895118713379,1.792869268756336,24.389972686767578,0,0,0,0
147,44400,300,static,static,0,0,0,-0.650000000000001,0.78910475,709392,2128176,0,0,0,0,0,0,0,0.0,0,0,0,0,0,0,0,0,0,0,0.0,0,0.0,0.010830616746479763,21.25895118713379,1.7886221541366154,24.389972686767578,0,0,0,0
148,44700,300,static,static,0,0,0,-1.4000000000000015,0.78767975,714192,2142576,0,0,0,0,0,0,0,0.0,0,0,0,0,0,0,0,0,0,0,0.0,0,0.0,0.01076967156877489,21.25895118713379,1.7841184292366818,24.389972686767578,0,0,0,0
149,45000,300,static,static,0,0,0,-0.5000000000000009,0.78625475,718992,2156976,0,0,0,0,0,0,0,0.0,0,0,0,0,0,0,0,0,0,0,0.0,0,0.0,0.01071249233751385,21.25895118713379,1.781860387331063,24.389972686767578,0,0,0,0
150,45300,300,static,static,0,0,0,-1.4000000000000015,0.78482975,723792,2171376,0,0,0,0,0,0,0,0.0,0,0,0,0,0,0,0,0,0,0,0.0,0,0.0,0.01065367097150637,21.25895118713379,1.7770636233767212,24.389972686767578,0,0,0,0
151,45600,300,static,static,0,0,0,-1.2500000000000018,0.78340475,728592,2185776,0,0,0,0,0,0,0,0.0,0,0,0,0,0,0,0,0,0,0,0.0,0,0.0,0.01060165507365252,21.25895118713379,1.775137004989205,24.389972686767578,0,0,0,0
152,45900,300,static,static,0,0,0,-0.7000000000000016,0.78197975,733392,2200176,0,0,0,0,0,0,0,0.0,0,0,0,0,0,0,0,0,0,0,0.0,0,0.0,0.010546139738299544,21.25895118713379,1.7705424151922664,24.389972686767578,0,0,0,0
153,46200,300,static,static,0,0,0,-1.8500000000000016,0.78055475,738192,2214576,0,0,0,0,0,0,0,0.0,0,0,0,0,0,0,0,0,0,0,0.0,0,0.0,0.010493201235324347,21.25895118713379,1.7678863957501914,24.389972686767578,0,0,0,0
154,46500,300,static,static,0,0,0,-1.5000000000000013,0.7791297500000001,742992,2228976,0,0,0,0,0,0,0,0.0,0,0,0,0,0,0,0,0,0,0,0.0,0,0.0,0.010438399949355859,21.25895118713379,1.7640386827299264,24.389972686767578,0,0,0,0
155,46800,300,static,static,0,0,0,-1.200000000000001,0.7777047500000001,747792,2243376,0,0,0,0,0,0,0,0.0,0,0,0,0,0,0,0,0,0,0,0.0,0,0.0,0.010384035368839202,21.25895118713379,1.7601995523521927,24.389972686767578,0,0,0,0
156,47100,300,static,static,0,0,0,-1.9000000000000015,0.77627975,752592,2257776,0,0,0,0,0,0,0,0.0,0,0,0,0,0,0,0,0,0,0,0.0,0,0.0,0.01033204386216617,21.25895118713379,1.7575330710789292,24.389972686767578,0,0,0,0
157,47400,300,static,static,0,0,0,-2.4500000000000015,0.77485475,757392,2272176,0,0,0,0,0,0,0,0.0,0,0,0,0,0,0,0,0,0,0,0.0,0,0.0,0.010278780230725745,21.25895118713379,1.7537711509853036,24.389972686767578,0,0,0,0
158,47700,300,static,static,0,0,0,-2.1500000000000012,0.77342975,762192,2286576,0,0,0,0,0,0,0,0.0,0,0,0,0,0,0,0,0,0,0,0.0,0,0.0,0.010224937894748421,21.25895118713379,1.7490883715806327,24.389972686767578,0,0,0,0
159,48000,300,static,static,0,0,0,-2.2500000000000013,0.77200475,766992,2300976,0,0,0,0,0,0,0,0.0,0,0,0,0,0,0,0,0,0,0,0.0,0,0.0,0.010172131062680757,21.25895118713379,1.7452481253558263,24.389972686767578,0,0,0,0
160,48300,300,static,static,0,0,0,-1.9500000000000006,0.77057975,771792,2315376,0,0,0,0,0,0,0,0.0,0,0,0,0,0,0,0,0,0,0,0.0,0,0.0,0.010118740091508727,21.25895118713379,1.7404271884373272,24.389972686767578,0,0,0,0
161,48600,300,static,static,0,0,0,-2.1,0.76915475,776592,2329776,0,0,0,0,0,0,0,0.0,0,0,0,0,0,0,0,0,0,0,0.0,0,0.0,0.010068122493628632,21.25895118713379,1.7367726146655438,24.389972686767578,0,0,0,0
162,48900,300,static,static,0,0,0,-1.9000000000000021,0.76772975,781392,2344176,0,0,0,0,0,0,0,0.0,0,0,0,0,0,0,0,0,0,0,0.0,0,0.0,0.010017114513856859,21.25895118713379,1.7325580010198254,24.389972686767578,0,0,0,0
163,49200,300,static,static,0,0,0,-2.2500000000000004,0.76630475,786192,2358576,0,0,0,0,0,0,0,0.0,0,0,0,0,0,0,0,0,0,0,0.0,0,0.0,0.0099642823269854,21.25895118713379,1.726992384989783,24.389972686767578,0,0,0,0
164,49500,300,static,static,0,0,0,-2.2500000000000018,0.76487975,790992,2372976,0,0,0,0,0,0,0,0.0,0,0,0,0,0,0,0,0,0,0,0.0,0,0.0,0.009913897918213673,21.25895118713379,1.7233918506106383,24.389972686767578,0,0,0,0
165,49800,300,static,static,0,0,0,-2.25,0.76345475,795792,2387376,0,0,0,0,0,0,0,0.0,0,0,0,0,0,0,0,0,0,0,0.0,0,0.0,0.00986170504944166,21.25895118713379,1.718276733129765,24.389972686767578,0,0,0,0
166,50100,300,static,static,0,0,0,-1.7000000000000015,0.76202975,800592,2401776,0,0,0,0,0,0,0,0.0,0,0,0,0,0,0,0,0,0,0,0.0,0,0.0,0.00981250621765398,21.25895118713379,1.7150035398125336,24.389972686767578,0,0,0,0
167,50400,300,static,static,0,0,0,-1.8000000000000016,0.7606047499999999,805392,2416176,0,0,0,0,0,0,0,0.0,0,0,0,0,0,0,0,0,0,0,0.0,0,0.0,0.009761521925785952,21.25895118713379,1.7095824807944677,24.389972686767578,0,0,0,0
168,50700,300,static,static,0,0,0,-2.349999999999999,0.7591797499999999,810192,2430576,0,0,0,0,0,0,0,0.0,0,0,0,0,0,0,0,0,0,0,0.0,0,0.0,0.009710537747265885,21.25895118713379,1.7039670286714788,24.389972686767578,0,0,0,0
169,51000,300,static,static,0,0,0,-2.2,0.7577547499999999,814992,2444976,0,0,0,0,0,0,0,0.0,0,0,0,0,0,0,0,0,0,0,0.0,0,0.0,0.009660206025051686,21.25895118713379,1.6990121290573812,24.389972686767578,0,0,0,0
170,51300,300,static,static,0,0,0,-2.3500000000000005,0.75632975,819792,2459376,0,0,0,0,0,0,0,0.0,0,0,0,0,0,0,0,0,0,0,0.0,0,0.0,0.009610684204715468,21.25895118713379,1.6939114405348825,24.389972686767578,0,0,0,0
171,51592,292,static,static,1,0,0,10.339999999999998,0.75494275,824464,2473392,0,0,0,0,0,0,0,0.0,0,0,0,0,0,0,0,0,0,0,0.0,0,0.0,0.009564727943255233,21.25895118713379,1.690566769244562,24.389972686767578,0,0,0,0
172,51892,300,static,static,0,0,0,-2.0,0.75351775,829264,2487792,0,0,0,0,0,0,0,0.0,0,0,0,0,0,0,0,0,0,0,0.0,0,0.0,0.009516967277416279,21.25895118713379,1.6858041577407126,24.389972686767578,0,0,0,0
173,52192,300,static,static,0,0,0,-2.2,0.7520927500000001,834064,2502192,0,0,0,0,0,0,0,0.0,0,0,0,0,0,0,0,0,0,0,0.0,0,0.0,0.00946886290386298,21.25895118713379,1.6808449318138408,24.389972686767578,0,0,0,0
174,52492,300,static,static,0,0,0,-0.550000000000001,0.7506677500000001,838864,2516592,0,0,0,0,0,0,0,0.0,0,0,0,0,0,0,0,0,0,0,0.0,0,0.0,0.009419992030472269,21.25895118713379,1.6753408941865897,24.389972686767578,0,0,0,0
175,52792,300,static,static,0,0,0,-1.8000000000000018,0.7492427500000001,843664,2530992,0,0,0,0,0,0,0,0.0,0,0,0,0,0,0,0,0,0,0,0.0,0,0.0,0.009371126209291656,21.25895118713379,1.669724674579522,24.389972686767578,0,0,0,0
176,53092,300,static,static,0,0,0,-0.5500000000000009,0.7478177500000001,848464,2545392,0,0,0,0,0,0,0,0.0,0,0,0,0,0,0,0,0,0,0,0.0,0,0.0,0.009323587014283359,21.25895118713379,1.664389708806073,24.389972686767578,0,0,0,0
177,53392,300,static,static,0,0,0,-0.25000000000000083,0.74639275,853264,2559792,0,0,0,0,0,0,0,0.0,0,0,0,0,0,0,0,0,0,0,0.0,0,0.0,0.009275804531201262,21.25895118713379,1.658678480918638,24.389972686767578,0,0,0,0
178,53692,300,static,static,0,0,0,-0.40000000000000085,0.74496775,858064,2574192,0,0,0,0,0,0,0,0.0,0,0,0,0,0,0,0,0,0,0,0.0,0,0.0,0.009227502805054834,21.25895118713379,1.6524086165511487,24.389972686767578,0,0,0,0
179,53992,300,static,static,0,0,0,-0.4500000000000005,0.74354275,862864,2588592,0,0,0,0,0,0,0,0.0,0,0,0,0,0,0,0,0,0,0,0.0,0,0.0,0.009181496553693876,21.25895118713379,1.647310728533096,24.389972686767578,0,0,0,0
180,54292,300,static,static,0,0,0,-0.30000000000000143,0.74211775,867664,2602992,0,0,0,0,0,0,0,0.0,0,0,0,0,0,0,0,0,0,0,0.0,0,0.0,0.009134880005297831,21.25895118713379,1.6421619731079662,24.389972686767578,0,0,0,0
181,54592,300,static,static,0,0,0,-0.4500000000000004,0.74069275,872464,2617392,0,0,0,0,0,0,0,0.0,0,0,0,0,0,0,0,0,0,0,0.0,0,0.0,0.009089369858377116,21.25895118713379,1.6372629254951088,24.389972686767578,0,0,0,0
182,54892,300,static,static,0,0,0,0.0499999999999986,0.73926775,877264,2631792,0,0,0,0,0,0,0,0.0,0,0,0,0,0,0,0,0,0,0,0.0,0,0.0,0.00904363168674499,21.25895118713379,1.6322156399411316,24.389972686767578,0,0,0,0
183,55192,300,static,static,0,0,0,-0.30000000000000043,0.73784275,882064,2646192,0,0,0,0,0,0,0,0.0,0,0,0,0,0,0,0,0,0,0,0.0,0,0.0,0.008998100152552178,21.25895118713379,1.6264238314511688,24.389972686767578,0,0,0,0
184,55492,300,static,static,0,0,0,-0.30000000000000104,0.73641775,886864,2660592,0,0,0,0,0,0,0,0.0,0,0,0,0,0,0,0,0,0,0,0.0,0,0.0,0.008952717979455077,21.25895118713379,1.6205574020601612,24.389972686767578,0,0,0,0
185,55792,300,static,static,0,0,0,0.09999999999999865,0.73499275,891664,2674992,0,0,0,0,0,0,0,0.0,0,0,0,0,0,0,0,0,0,0,0.0,0,0.0,0.008908423632679916,21.25895118713379,1.615755787813128,24.389972686767578,0,0,0,0
186,56051,259,static,static,1,0,0,10.669999999999998,0.7337625000000001,895808,2687424,0,0,0,0,0,0,0,0.0,0,0,0,0,0,0,0,0,0,0,0.0,0,0.0,0.008870293450923342,21.25895118713379,1.611278532939575,24.389972686767578,0,0,0,0
187,56263,212,static,static,1,0,0,11.14,0.7327555,899200,2697600,0,0,0,0,0,0,0,0.0,0,0,0,0,0,0,0,0,0,0,0.0,0,0.0,0.008839559906414106,21.25895118713379,1.6073303940289594,24.389972686767578,0,0,0,0
188,56563,300,static,static,0,0,0,-0.20000000000000145,0.7313305,904000,2712000,0,0,0,0,0,0,0,0.0,0,0,0,0,0,0,0,0,0,0,0.0,0,0.0,0.008796008069714402,21.25895118713379,1.6018177197044057,24.389972686767578,0,0,0,0
189,56863,300,static,static,0,0,0,-0.3000000000000008,0.7299055,908800,2726400,0,0,0,0,0,0,0,0.0,0,0,0,0,0,0,0,0,0,0,0.0,0,0.0,0.00875348362019382,21.25895118713379,1.5968372945578582,24.389972686767578,0,0,0,0
190,57163,300,static,static,0,0,0,-0.5000000000000004,0.7284805000000001,913600,2740800,0,0,0,0,0,0,0,0.0,0,0,0,0,0,0,0,0,0,0,0.0,0,0.0,0.00871128760882397,21.25895118713379,1.5918858478424724,24.389972686767578,0,0,0,0
191,57463,300,static,static,0,0,0,-0.6000000000000009,0.7270555000000001,918400,2755200,0,0,0,0,0,0,0,0.0,0,0,0,0,0,0,0,0,0,0,0.0,0,0.0,0.008670226235875822,21.25895118713379,1.5868265376634205,24.389972686767578,0,0,0,0
192,57763,300,static,static,0,0,0,-2.1000000000000005,0.7256305000000001,923200,2769600,0,0,0,0,0,0,0,0.0,0,0,0,0,0,0,0,0,0,0,0.0,0,0.0,0.008629501612695174,21.25895118713379,1.582021852068214,24.389972686767578,0,0,0,0
193,58063,300,static,static,0,0,0,-0.6500000000000007,0.7242055000000001,928000,2784000,0,0,0,0,0,0,0,0.0,0,0,0,0,0,0,0,0,0,0,0.0,0,0.0,0.00858905376688475,21.25895118713379,1.5770770662781093,24.389972686767578,0,0,0,0
194,58363,300,static,static,0,0,0,-2.2499999999999996,0.7227805,932800,2798400,0,0,0,0,0,0,0,0.0,0,0,0,0,0,0,0,0,0,0,0.0,0,0.0,0.008549435431306214,21.25895118713379,1.5725363668119758,24.389972686767578,0,0,0,0
195,58663,300,static,static,0,0,0,-0.5500000000000007,0.7213555,937600,2812800,0,0,0,0,0,0,0,0.0,0,0,0,0,0,0,0,0,0,0,0.0,0,0.0,0.008509457908971962,21.25895118713379,1.5674090109070613,24.389972686767578,0,0,0,0
196,58963,300,static,static,0,0,0,-0.20000000000000115,0.7199305,942400,2827200,0,0,0,0,0,0,0,0.0,0,0,0,0,0,0,0,0,0,0,0.0,0,0.0,0.008471464750889439,21.25895118713379,1.5634281105491774,24.389972686767578,0,0,0,0
197,59263,300,static,static,0,0,0,-0.6500000000000004,0.7185055,947200,2841600,0,0,0,0,0,0,0,0.0,0,0,0,0,0,0,0,0,0,0,0.0,0,0.0,0.008431784816867622,21.25895118713379,1.5580654839817294,24.389972686767578,0,0,0,0
198,59563,300,static,static,0,0,0,-0.5500000000000006,0.7170805,952000,2856000,0,0,0,0,0,0,0,0.0,0,0,0,0,0,0,0,0,0,0,0.0,0,0.0,0.008392764274864418,21.25895118713379,1.552948271476507,24.389972686767578,0,0,0,0
199,59863,300,static,static,0,0,0,-1.200000000000001,0.7156555,956800,2870400,0,0,0,0,0,0,0,0.0,0,0,0,0,0,0,0,0,0,0,0.0,0,0.0,0.008354863368812247,21.25895118713379,1.5484896837518687,24.389972686767578,0,0,0,0
200,60163,300,static,static,0,0,0,-0.550000000000001,0.7142305,961600,2884800,0,0,0,0,0,0,0,0.0,0,0,0,0,0,0,0,0,0,0,0.0,0,0.0,0.008316351560556504,21.25895118713379,1.543260440270962,24.389972686767578,0,0,0,0
201,60410,247,static,static,1,0,0,10.79,0.7130572500000001,965552,2896656,0,0,0,0,0,0,0,0.0,0,0,0,0,0,0,0,0,0,0,0.0,0,0.0,0.008285415300664383,21.25895118713379,1.539249078802448,24.389972686767578,0,0,0,0
202,60710,300,static,static,0,0,0,-1.6500000000000015,0.7116322500000001,970352,2911056,0,0,0,0,0,0,0,0.0,0,0,0,0,0,0,0,0,0,0,0.0,0,0.0,0.008247755736962117,21.25895118713379,1.5341639317221176,24.389972686767578,0,0,0,0
203,61010,300,static,static,0,0,0,0.24999999999999833,0.7102072500000001,975152,2925456,0,0,0,0,0,0,0,0.0,0,0,0,0,0,0,0,0,0,0,0.0,0,0.0,0.00821027516635081,21.25895118713379,1.5290964979881307,24.389972686767578,0,0,0,0
204,61275,265,static,static,1,0,0,10.61,0.7089485,979392,2938176,0,0,0,0,0,0,0,0.0,0,0,0,0,0,0,0,0,0,0,0.0,0,0.0,0.008178556912626318,21.25895118713379,1.525502296710893,24.389972686767578,0,0,0,0
205,61442,167,static,static,1,0,0,11.59,0.70815525,982064,2946192,0,0,0,0,0,0,0,0.0,0,0,0,0,0,0,0,0,0,0,0.0,0,0.0,0.008158584387514387,21.25895118713379,1.5229580712239272,24.389972686767578,0,0,0,0
206,61742,300,static,static,0,0,0,-0.5000000000000009,0.70673025,986864,2960592,0,0,0,0,0,0,0,0.0,0,0,0,0,0,0,0,0,0,0,0.0,0,0.0,0.008123019946162035,21.25895118713379,1.518642137261426,24.389972686767578,0,0,0,0
207,62042,300,static,static,0,0,0,-0.5000000000000009,0.70530525,991664,2974992,0,0,0,0,0,0,0,0.0,0,0,0,0,0,0,0,0,0,0,0.0,0,0.0,0.008087384081984951,21.25895118713379,1.513923013338819,24.389972686767578,0,0,0,0
208,62296,254,static,static,1,0,0,10.72,0.70409875,995728,2987184,0,0,0,0,0,0,0,0.0,0,0,0,0,0,0,0,0,0,0,0.0,0,0.0,0.00805796750755005,21.25895118713379,1.510261033806144,24.389972686767578,0,0,0,0
209,62542,246,static,static,1,0,0,10.8,0.70293025,999664,2998992,0,0,0,0,0,0,0,0.0,0,0,0,0,0,0,0,0,0,0,0.0,0,0.0,0.008029561367875668,21.25895118713379,1.506320522640514,24.389972686767578,0,0,0,0
210,62842,300,static,static,0,0,0,-0.20000000000000118,0.7015052500000001,1004464,3013392,0,0,0,0,0,0,0,0.0,0,0,0,0,0,0,0,0,0,0,0.0,0,0.0,0.007995106819512368,21.25895118713379,1.501476978055914,24.389972686767578,0,0,0,0
211,63142,300,static,static,0,0,0,-0.1000000000000005,0.7000802500000001,1009264,3027792,0,0,0,0,0,0,0,0.0,0,0,0,0,0,0,0,0,0,0,0.0,0,0.0,0.007961627271536776,21.25895118713379,1.4973019327987243,24.389972686767578,0,0,0,0
212,63442,300,static,static,0,0,0,0.0999999999999992,0.6986552500000001,1014064,3042192,0,0,0,0,0,0,0,0.0,0,0,0,0,0,0,0,0,0,0,0.0,0,0.0,0.007928425909173786,21.25895118713379,1.4931555321738708,24.389972686767578,0,0,0,0
213,63704,262,static,static,1,0,0,10.639999999999999,0.69741075,1018256,3054768,0,0,0,0,0,0,0,0.0,0,0,0,0,0,0,0,0,0,0,0.0,0,0.0,0.007899717967357054,21.25895118713379,1.4894766586411419,24.389972686767578,0,0,0,0
214,63998,294,static,static,1,0,0,10.319999999999999,0.69601425,1022960,3068880,0,0,0,0,0,0,0,0.0,0,0,0,0,0,0,0,0,0,0,0.0,0,0.0,0.007867520326045,21.25895118713379,1.4853269321627884,24.389972686767578,0,0,0,0
215,64293,295,static,static,1,0,0,10.309999999999999,0.6946129999999999,1027680,3083040,0,0,0,0,0,0,0,0.0,0,0,0,0,0,0,0,0,0,0,0.0,0,0.0,0.007836248386291293,21.25895118713379,1.481835195516849,24.389972686767578,0,0,0,0
216,64593,300,static,static,0,0,0,0.09999999999999959,0.6931879999999999,1032480,3097440,0,0,0,0,0,0,0,0.0,0,0,0,0,0,0,0,0,0,0,0.0,0,0.0,0.007804011146389135,21.25895118713379,1.4772964139525326,24.389972686767578,0,0,0,0
217,64805,212,static,static,1,0,0,11.14,0.692181,1035872,3107616,0,0,0,0,0,0,0,0.0,0,0,0,0,0,0,0,0,0,0,0.0,0,0.0,0.007781505576664941,21.25895118713379,1.4740742354094323,24.389972686767578,0,0,0,0
218,65105,300,static,static,0,0,0,-0.8000000000000017,0.690756,1040672,3122016,0,0,0,0,0,0,0,0.0,0,0,0,0,0,0,0,0,0,0,0.0,0,0.0,0.007750140302224994,21.25895118713379,1.4700297070096329,24.389972686767578,0,0,0,0
219,65316,211,static,static,1,0,0,11.15,0.6897537499999999,1044048,3132144,0,0,0,0,0,0,0,0.0,0,0,0,0,0,0,0,0,0,0,0.0,0,0.0,0.007728266778977777,21.25895118713379,1.4673533531832712,24.389972686767578,0,0,0,0
220,65593,277,static,static,1,0,0,10.49,0.6884380000000001,1048480,3145440,0,0,0,0,0,0,0,0.0,0,0,0,0,0,0,0,0,0,0,0.0,0,0.0,0.00769951877676206,21.25895118713379,1.4634195550445293,24.389972686767578,0,0,0,0
221,65874,281,static,static,1,0,0,10.45,0.68710325,1052976,3158928,0,0,0,0,0,0,0,0.0,0,0,0,0,0,0,0,0,0,0,0.0,0,0.0,0.007670573776538157,21.25895118713379,1.459430289005003,24.389972686767578,0,0,0,0
222,66174,300,static,static,0,0,0,-0.7000000000000013,0.68567825,1057776,3173328,0,0,0,0,0,0,0,0.0,0,0,0,0,0,0,0,0,0,0,0.0,0,0.0,0.007640012735998203,21.25895118713379,1.4555174463476566,24.389972686767578,0,0,0,0
223,66474,300,static,static,0,0,0,-1.650000000000001,0.68425325,1062576,3187728,0,0,0,0,0,0,0,0.0,0,0,0,0,0,0,0,0,0,0,0.0,0,0.0,0.007609201895616715,21.25895118713379,1.451018075535057,24.389972686767578,0,0,0,0
224,66774,300,static,static,0,0,0,-1.5500000000000016,0.68282825,1067376,3202128,0,0,0,0,0,0,0,0.0,0,0,0,0,0,0,0,0,0,0,0.0,0,0.0,0.007578816746948646,21.25895118713379,1.4467415826061176,24.389972686767578,0,0,0,0
225,67001,227,static,static,1,0,0,10.99,0.6817500000000001,1071008,3213024,0,0,0,0,0,0,0,0.0,0,0,0,0,0,0,0,0,0,0,0.0,0,0.0,0.007556151858437475,21.25895118713379,1.4436781216323,24.389972686767578,0,0,0,0
226,67196,195,static,static,1,0,0,11.31,0.6808237500000001,1074128,3222384,0,0,0,0,0,0,0,0.0,0,0,0,0,0,0,0,0,0,0,0.0,0,0.0,0.007536699407841073,21.25895118713379,1.4410799340185123,24.389972686767578,0,0,0,0
227,67427,231,static,static,1,0,0,10.95,0.6797265,1077824,3233472,0,0,0,0,0,0,0,0.0,0,0,0,0,0,0,0,0,0,0,0.0,0,0.0,0.00751348911514739,21.25895118713379,1.4376136854475157,24.389972686767578,0,0,0,0
228,67631,204,static,static,1,0,0,11.22,0.6787575,1081088,3243264,0,0,0,0,0,0,0,0.0,0,0,0,0,0,0,0,0,0,0,0.0,0,0.0,0.007493336398336572,21.25895118713379,1.4350050995325883,24.389972686767578,0,0,0,0
229,67887,256,static,static,1,0,0,10.7,0.6775415,1085184,3255552,0,0,0,0,0,0,0,0.0,0,0,0,0,0,0,0,0,0,0,0.0,0,0.0,0.007468070123619569,21.25895118713379,1.4317657878844463,24.389972686767578,0,0,0,0
230,68095,208,static,static,1,0,0,11.18,0.6765535,1088512,3265536,0,0,0,0,0,0,0,0.0,0,0,0,0,0,0,0,0,0,0,0.0,0,0.0,0.007447389183073622,21.25895118713379,1.4288735842529139,24.389972686767578,0,0,0,0
231,68395,300,static,static,0,0,0,-0.050000000000000926,0.6751285,1093312,3279936,0,0,0,0,0,0,0,0.0,0,0,0,0,0,0,0,0,0,0,0.0,0,0.0,0.007417840814060197,21.25895118713379,1.4248348539656914,24.389972686767578,0,0,0,0
232,68622,227,static,static,1,0,0,10.99,0.6740502500000001,1096944,3290832,0,0,0,0,0,0,0,0.0,0,0,0,0,0,0,0,0,0,0,0.0,0,0.0,0.007395599730567456,21.25895118713379,1.4216467103878956,24.389972686767578,0,0,0,0
233,68847,225,static,static,1,0,0,11.01,0.6729815,1100544,3301632,0,0,0,0,0,0,0,0.0,0,0,0,0,0,0,0,0,0,0,0.0,0,0.0,0.007373790006131567,21.25895118713379,1.4186003702062422,24.389972686767578,0,0,0,0
234,69117,270,static,static,1,0,0,10.559999999999999,0.671699,1104864,3314592,0,0,0,0,0,0,0,0.0,0,0,0,0,0,0,0,0,0,0,0.0,0,0.0,0.007348108950134132,21.25895118713379,1.4152211008750522,24.389972686767578,0,0,0,0
235,69393,276,static,static,1,0,0,10.499999999999998,0.670388,1109280,3327840,0,0,0,0,0,0,0,0.0,0,0,0,0,0,0,0,0,0,0,0.0,0,0.0,0.007321663328194274,21.25895118713379,1.4114546762886484,24.389972686767578,0,0,0,0
236,69554,161,static,static,1,0,0,11.65,0.66962325,1111856,3335568,0,0,0,0,0,0,0,0.0,0,0,0,0,0,0,0,0,0,0,0.0,0,0.0,0.007306335708705747,21.25895118713379,1.4092933126668485,24.389972686767578,0,0,0,0
237,69801,247,static,static,1,0,0,10.790000000000001,0.66845,1115808,3347424,0,0,0,0,0,0,0,0.0,0,0,0,0,0,0,0,0,0,0,0.0,0,0.0,0.007282519435815762,21.25895118713379,1.4056552107552638,24.389972686767578,0,0,0,0
238,70016,215,static,static,1,0,0,11.11,0.66742875,1119248,3357744,0,0,0,0,0,0,0,0.0,0,0,0,0,0,0,0,0,0,0,0.0,0,0.0,0.007261952137092743,21.25895118713379,1.4025463417938213,24.389972686767578,0,0,0,0
239,70290,274,static,static,1,0,0,10.52,0.66612725,1123632,3370896,0,0,0,0,0,0,0,0.0,0,0,0,0,0,0,0,0,0,0,0.0,0,0.0,0.007235981062863155,21.25895118713379,1.3987726204419515,24.389972686767578,0,0,0,0
240,70514,224,static,static,1,0,0,11.02,0.66506325,1127216,3381648,0,0,0,0,0,0,0,0.0,0,0,0,0,0,0,0,0,0,0,0.0,0,0.0,0.007215325996082304,21.25895118713379,1.395741772018074,24.389972686767578,0,0,0,0
241,70723,209,static,static,1,0,0,11.17,0.6640705,1130560,3391680,0,0,0,0,0,0,0,0.0,0,0,0,0,0,0,0,0,0,0,0.0,0,0.0,0.0071970434233942756,21.25895118713379,1.3934012969857148,24.389972686767578,0,0,0,0
242,70889,166,static,static,1,0,0,11.600000000000001,0.663282,1133216,3399648,0,0,0,0,0,0,0,0.0,0,0,0,0,0,0,0,0,0,0,0.0,0,0.0,0.007181905018799137,21.25895118713379,1.391247961658214,24.389972686767578,0,0,0,0
243,71069,180,static,static,1,0,0,11.46,0.6624270000000001,1136096,3408288,0,0,0,0,0,0,0,0.0,0,0,0,0,0,0,0,0,0,0,0.0,0,0.0,0.007165185579137439,21.25895118713379,1.3887474050523536,24.389972686767578,0,0,0,0
244,71308,239,static,static,1,0,0,10.87,0.66129175,1139920,3419760,0,0,0,0,0,0,0,0.0,0,0,0,0,0,0,0,0,0,0,0.0,0,0.0,0.007143142481557926,21.25895118713379,1.38539686269772,24.389972686767578,0,0,0,0
245,71481,173,static,static,1,0,0,11.530000000000001,0.66047,1142688,3428064,0,0,0,0,0,0,0,0.0,0,0,0,0,0,0,0,0,0,0,0.0,0,0.0,0.007127343148419986,21.25895118713379,1.3830816724315587,24.389972686767578,0,0,0,0
246,71694,213,static,static,1,0,0,11.13,0.65945825,1146096,3438288,0,0,0,0,0,0,0,0.0,0,0,0,0,0,0,0,0,0,0,0.0,0,0.0,0.007108296347198155,21.25895118713379,1.3805198119063506,24.389972686767578,0,0,0,0
247,71951,257,static,static,1,0,0,10.69,0.6582375,1150208,3450624,0,0,0,0,0,0,0,0.0,0,0,0,0,0,0,0,0,0,0,0.0,0,0.0,0.00708497721497583,21.25895118713379,1.3769987053841761,24.389972686767578,0,0,0,0
248,72171,220,static,static,1,0,0,11.059999999999999,0.6571925000000001,1153728,3461184,0,0,0,0,0,0,0,0.0,0,0,0,0,0,0,0,0,0,0,0.0,0,0.0,0.007065485824101107,21.25895118713379,1.3742772999987807,24.389972686767578,0,0,0,0
249,72439,268,static,static,1,0,0,10.58,0.6559195,1158016,3474048,0,0,0,0,0,0,0,0.0,0,0,0,0,0,0,0,0,0,0,0.0,0,0.0,0.0070412551644188906,21.25895118713379,1.3704378201823415,24.389972686767578,0,0,0,0
250,72561,122,static,static,1,0,0,12.040000000000001,0.65534,1159968,3479904,0,0,0,0,0,0,0,0.0,0,0,0,0,0,0,0,0,0,0,0.0,0,0.0,0.00703032622051267,21.25895118713379,1.368689195669987,24.389972686767578,0,0,0,0
251,72797,236,static,static,1,0,0,10.9,0.654219,1163744,3491232,0,0,0,0,0,0,0,0.0,0,0,0,0,0,0,0,0,0,0,0.0,0,0.0,0.007009849118431196,21.25895118713379,1.3658248615666286,24.389972686767578,0,0,0,0
252,73043,246,static,static,1,0,0,10.8,0.6530505,1167680,3503040,0,0,0,0,0,0,0,0.0,0,0,0,0,0,0,0,0,0,0,0.0,0,0.0,0.006988091890972983,21.25895118713379,1.3625223839976786,24.389972686767578,0,0,0,0
253,73257,214,static,static,1,0,0,11.12,0.652034,1171104,3513312,0,0,0,0,0,0,0,0.0,0,0,0,0,0,0,0,0,0,0,0.0,0,0.0,0.00696947733325898,21.25895118713379,1.3597435777297662,24.389972686767578,0,0,0,0
254,73502,245,static,static,1,0,0,10.81,0.65087025,1175024,3525072,0,0,0,0,0,0,0,0.0,0,0,0,0,0,0,0,0,0,0,0.0,0,0.0,0.006948641791012008,21.25895118713379,1.3570462568683934,24.389972686767578,0,0,0,0
255,73684,182,static,static,1,0,0,11.440000000000001,0.65000575,1177936,3533808,0,0,0,0,0,0,0,0.0,0,0,0,0,0,0,0,0,0,0,0.0,0,0.0,0.006933143206174158,21.25895118713379,1.354826810951299,24.389972686767578,0,0,0,0
256,73876,192,static,static,1,0,0,11.34,0.64909375,1181008,3543024,0,0,0,0,0,0,0,0.0,0,0,0,0,0,0,0,0,0,0,0.0,0,0.0,0.006916743150731832,21.25895118713379,1.352448651979606,24.389972686767578,0,0,0,0
257,74101,225,static,static,1,0,0,11.01,0.6480250000000001,1184608,3553824,0,0,0,0,0,0,0,0.0,0,0,0,0,0,0,0,0,0,0,0.0,0,0.0,0.006897373133615354,21.25895118713379,1.3495272071370377,24.389972686767578,0,0,0,0
258,74293,192,static,static,1,0,0,11.34,0.647113,1187680,3563040,0,0,0,0,0,0,0,0.0,0,0,0,0,0,0,0,0,0,0,0.0,0,0.0,0.006881551985040334,21.25895118713379,1.3475590698211914,24.389972686767578,0,0,0,0
259,74432,139,static,static,1,0,0,11.870000000000001,0.64645275,1189904,3569712,0,0,0,0,0,0,0,0.0,0,0,0,0,0,0,0,0,0,0,0.0,0,0.0,0.00686983860109126,21.25895118713379,1.3458517731011115,24.389972686767578,0,0,0,0
260,74591,159,static,static,1,0,0,11.670000000000002,0.6456975,1192448,3577344,0,0,0,0,0,0,0,0.0,0,0,0,0,0,0,0,0,0,0,0.0,0,0.0,0.006856240747601292,21.25895118713379,1.343728641418657,24.389972686767578,0,0,0,0
261,74764,173,static,static,1,0,0,11.530000000000001,0.64487575,1195216,3585648,0,0,0,0,0,0,0,0.0,0,0,0,0,0,0,0,0,0,0,0.0,0,0.0,0.0068419465489723595,21.25895118713379,1.3418817055127805,24.389972686767578,0,0,0,0
262,74997,233,static,static,1,0,0,10.93,0.643769,1198944,3596832,0,0,0,0,0,0,0,0.0,0,0,0,0,0,0,0,0,0,0,0.0,0,0.0,0.006822473911780656,21.25895118713379,1.3391081050051101,24.389972686767578,0,0,0,0
263,75217,220,static,static,1,0,0,11.06,0.6427240000000001,1202464,3607392,0,0,0,0,0,0,0,0.0,0,0,0,0,0,0,0,0,0,0,0.0,0,0.0,0.006803800017169865,21.25895118713379,1.3360167850375886,24.389972686767578,0,0,0,0
264,75438,221,static,static,1,0,0,11.05,0.64167425,1206000,3618000,0,0,0,0,0,0,0,0.0,0,0,0,0,0,0,0,0,0,0,0.0,0,0.0,0.006785437818820114,21.25895118713379,1.333372568777563,24.389972686767578,0,0,0,0
265,75588,150,static,static,1,0,0,11.760000000000002,0.64096175,1208400,3625200,0,0,0,0,0,0,0,0.0,0,0,0,0,0,0,0,0,0,0,0.0,0,0.0,0.006772865916164397,21.25895118713379,1.3313850750602925,24.389972686767578,0,0,0,0
266,75879,291,static,static,1,0,0,10.35,0.6395795,1213056,3639168,0,0,0,0,0,0,0,0.0,0,0,0,0,0,0,0,0,0,0,0.0,0,0.0,0.006748752624424243,21.25895118713379,1.327743578129182,24.389972686767578,0,0,0,0
267,76129,250,static,static,1,0,0,10.76,0.6383920000000001,1217056,3651168,0,0,0,0,0,0,0,0.0,0,0,0,0,0,0,0,0,0,0,0.0,0,0.0,0.006728207910082859,21.25895118713379,1.3246923724622617,24.389972686767578,0,0,0,0
268,76343,214,static,static,1,0,0,11.120000000000001,0.6373755000000001,1220480,3661440,0,0,0,0,0,0,0,0.0,0,0,0,0,0,0,0,0,0,0,0.0,0,0.0,0.006710776910304701,21.25895118713379,1.3221070299236561,24.389972686767578,0,0,0,0
269,76546,203,static,static,1,0,0,11.23,0.6364112500000001,1223728,3671184,0,0,0,0,0,0,0,0.0,0,0,0,0,0,0,0,0,0,0,0.0,0,0.0,0.006694976375918072,21.25895118713379,1.3202734000327578,24.389972686767578,0,0,0,0
270,76751,205,static,static,1,0,0,11.21,0.6354375000000001,1227008,3681024,0,0,0,0,0,0,0,0.0,0,0,0,0,0,0,0,0,0,0,0.0,0,0.0,0.006678592742761476,21.25895118713379,1.3178231986301672,24.389972686767578,0,0,0,0
271,76971,220,static,static,1,0,0,11.06,0.6343924999999999,1230528,3691584,0,0,0,0,0,0,0,0.0,0,0,0,0,0,0,0,0,0,0,0.0,0,0.0,0.006660899968777947,21.25895118713379,1.3150699097638787,24.389972686767578,0,0,0,0
272,77142,171,static,static,1,0,0,11.55,0.6335802500000001,1233264,3699792,0,0,0,0,0,0,0,0.0,0,0,0,0,0,0,0,0,0,0,0.0,0,0.0,0.006647526980276216,21.25895118713379,1.3132829516813322,24.389972686767578,0,0,0,0
273,77316,174,static,static,1,0,0,11.520000000000001,0.63275375,1236048,3708144,0,0,0,0,0,0,0,0.0,0,0,0,0,0,0,0,0,0,0,0.0,0,0.0,0.006633547825534511,21.25895118713379,1.3110311391024676,24.389972686767578,0,0,0,0
274,77547,231,static,static,1,0,0,10.95,0.6316565000000001,1239744,3719232,0,0,0,0,0,0,0,0.0,0,0,0,0,0,0,0,0,0,0,0.0,0,0.0,0.0066152590077786875,21.25895118713379,1.3083984887092832,24.389972686767578,0,0,0,0
275,77717,170,static,static,1,0,0,11.56,0.630849,1242464,3727392,0,0,0,0,0,0,0,0.0,0,0,0,0,0,0,0,0,0,0,0.0,0,0.0,0.006602117301873775,21.25895118713379,1.3067256103105365,24.389972686767578,0,0,0,0
276,77932,215,static,static,1,0,0,11.11,0.62982775,1245904,3737712,0,0,0,0,0,0,0,0.0,0,0,0,0,0,0,0,0,0,0,0.0,0,0.0,0.006585294912310076,21.25895118713379,1.304255514833248,24.389972686767578,0,0,0,0
277,78069,137,static,static,1,0,0,11.89,0.629177,1248096,3744288,0,0,0,0,0,0,0,0.0,0,0,0,0,0,0,0,0,0,0,0.0,0,0.0,0.0065744728462523465,21.25895118713379,1.3025841610534772,24.389972686767578,0,0,0,0
278,78300,231,static,static,1,0,0,10.95,0.62807975,1251792,3755376,0,0,0,0,0,0,0,0.0,0,0,0,0,0,0,0,0,0,0,0.0,0,0.0,0.006556480134262828,21.25895118713379,1.2999204716515715,24.389972686767578,0,0,0,0
279,78520,220,static,static,1,0,0,11.06,0.62703475,1255312,3765936,0,0,0,0,0,0,0,0.0,0,0,0,0,0,0,0,0,0,0,0.0,0,0.0,0.0065393431338092245,21.25895118713379,1.2974540050635468,24.389972686767578,0,0,0,0
280,78770,250,static,static,1,0,0,10.76,0.6258472500000001,1259312,3777936,0,0,0,0,0,0,0,0.0,0,0,0,0,0,0,0,0,0,0,0.0,0,0.0,0.006519754692052856,21.25895118713379,1.2944462819429707,24.389972686767578,0,0,0,0
281,78992,222,static,static,1,0,0,11.04,0.62479275,1262864,3788592,0,0,0,0,0,0,0,0.0,0,0,0,0,0,0,0,0,0,0,0.0,0,0.0,0.006502566136235103,21.25895118713379,1.2918552666520462,24.389972686767578,0,0,0,0
282,79246,254,static,static,1,0,0,10.719999999999999,0.62358625,1266928,3800784,0,0,0,0,0,0,0,0.0,0,0,0,0,0,0,0,0,0,0,0.0,0,0.0,0.006483013679005336,21.25895118713379,1.2889305630088617,24.389972686767578,0,0,0,0
283,79508,262,static,static,1,0,0,10.639999999999999,0.6223417499999999,1271120,3813360,0,0,0,0,0,0,0,0.0,0,0,0,0,0,0,0,0,0,0,0.0,0,0.0,0.0064628886075116035,21.25895118713379,1.285792655950708,24.389972686767578,0,0,0,0
284,79708,200,static,static,1,0,0,11.26,0.62139175,1274320,3822960,0,0,0,0,0,0,0,0.0,0,0,0,0,0,0,0,0,0,0,0.0,0,0.0,0.006448057168466712,21.25895118713379,1.2838225951523112,24.389972686767578,0,0,0,0
285,79863,155,static,static,1,0,0,11.71,0.6206555,1276800,3830400,0,0,0,0,0,0,0,0.0,0,0,0,0,0,0,0,0,0,0,0.0,0,0.0,0.0064368122103673825,21.25895118713379,1.2823745920854028,24.389972686767578,0,0,0,0
286,80048,185,static,static,1,0,0,11.41,0.61977675,1279760,3839280,0,0,0,0,0,0,0,0.0,0,0,0,0,0,0,0,0,0,0,0.0,0,0.0,0.006422729431140646,21.25895118713379,1.280088456474635,24.389972686767578,0,0,0,0
287,80174,126,static,static,1,0,0,12.0,0.61917825,1281776,3845328,0,0,0,0,0,0,0,0.0,0,0,0,0,0,0,0,0,0,0,0.0,0,0.0,0.006413223062589292,21.25895118713379,1.278531863010552,24.389972686767578,0,0,0,0
288,80431,257,static,static,1,0,0,10.69,0.6179574999999999,1285888,3857664,0,0,0,0,0,0,0,0.0,0,0,0,0,0,0,0,0,0,0,0.0,0,0.0,0.006394364694010888,21.25895118713379,1.275989428656297,24.389972686767578,0,0,0,0
289,80670,239,static,static,1,0,0,10.87,0.61682225,1289712,3869136,0,0,0,0,0,0,0,0.0,0,0,0,0,0,0,0,0,0,0,0.0,0,0.0,0.006376765426189456,21.25895118713379,1.2735098320893459,24.389972686767578,0,0,0,0
290,80826,156,static,static,1,0,0,11.700000000000001,0.61608125,1292208,3876624,0,0,0,0,0,0,0,0.0,0,0,0,0,0,0,0,0,0,0,0.0,0,0.0,0.006365276779393106,21.25895118713379,1.2717966776795346,24.389972686767578,0,0,0,0
291,80982,156,static,static,1,0,0,11.700000000000001,0.61534025,1294704,3884112,0,0,0,0,0,0,0,0.0,0,0,0,0,0,0,0,0,0,0,0.0,0,0.0,0.006353976963871858,21.25895118713379,1.2701867357767413,24.389972686767578,0,0,0,0
292,81168,186,static,static,1,0,0,11.4,0.61445675,1297680,3893040,0,0,0,0,0,0,0,0.0,0,0,0,0,0,0,0,0,0,0,0.0,0,0.0,0.006340446000191127,21.25895118713379,1.2681822743039401,24.389972686767578,0,0,0,0
293,81343,175,static,static,1,0,0,11.51,0.6136254999999999,1300480,3901440,0,0,0,0,0,0,0,0.0,0,0,0,0,0,0,0,0,0,0,0.0,0,0.0,0.006327779970564372,21.25895118713379,1.2663789476509932,24.389972686767578,0,0,0,0
294,81506,163,static,static,1,0,0,11.63,0.6128512500000001,1303088,3909264,0,0,0,0,0,0,0,0.0,0,0,0,0,0,0,0,0,0,0,0.0,0,0.0,0.006315879196714106,21.25895118713379,1.2644571105327571,24.389972686767578,0,0,0,0
295,81725,219,static,static,1,0,0,11.07,0.6118110000000001,1306592,3919776,0,0,0,0,0,0,0,0.0,0,0,0,0,0,0,0,0,0,0,0.0,0,0.0,0.006300013847540223,21.25895118713379,1.2620288504650254,24.389972686767578,0,0,0,0
296,81938,213,static,static,1,0,0,11.13,0.61079925,1310000,3930000,0,0,0,0,0,0,0,0.0,0,0,0,0,0,0,0,0,0,0,0.0,0,0.0,0.006284632184024534,21.25895118713379,1.2596647552051787,24.389972686767578,0,0,0,0
297,82172,234,static,static,1,0,0,10.92,0.60968775,1313744,3941232,0,0,0,0,0,0,0,0.0,0,0,0,0,0,0,0,0,0,0,0.0,0,0.0,0.00626793453190936,21.25895118713379,1.2570988601965427,24.389972686767578,0,0,0,0
298,82357,185,static,static,1,0,0,11.41,0.608809,1316704,3950112,0,0,0,0,0,0,0,0.0,0,0,0,0,0,0,0,0,0,0,0.0,0,0.0,0.006254757955415502,21.25895118713379,1.2551508608357647,24.389972686767578,0,0,0,0
299,82512,155,static,static,1,0,0,11.71,0.60807275,1319184,3957552,0,0,0,0,0,0,0,0.0,0,0,0,0,0,0,0,0,0,0,0.0,0,0.0,0.006243716931546912,21.25895118713379,1.25350050417178,24.389972686767578,0,0,0,0
300,82812,300,static,static,0,0,0,0.15000000000000002,0.60664775,1323984,3971952,0,0,0,0,0,0,0,0.0,0,0,0,0,0,0,0,0,0,0,0.0,0,0.0,0.006222501787154765,21.25895118713379,1.2503932749410258,24.389972686767578,0,0,0,0
301,82962,150,static,static,1,0,0,11.760000000000002,0.60593525,1326384,3979152,0,0,0,0,0,0,0,0.0,0,0,0,0,0,0,0,0,0,0,0.0,0,0.0,0.006212021779279081,21.25895118713379,1.2488737292754308,24.389972686767578,0,0,0,0
302,83133,171,static,static,1,0,0,11.55,0.6051230000000001,1329120,3987360,0,0,0,0,0,0,0,0.0,0,0,0,0,0,0,0,0,0,0,0.0,0,0.0,0.006199919740925559,21.25895118713379,1.2469727430294255,24.389972686767578,0,0,0,0
303,83289,156,static,static,1,0,0,11.700000000000001,0.604382,1331616,3994848,0,0,0,0,0,0,0,0.0,0,0,0,0,0,0,0,0,0,0,0.0,0,0.0,0.006188913222276617,21.25895118713379,1.2452918042130312,24.389972686767578,0,0,0,0
304,83460,171,static,static,1,0,0,11.55,0.60356975,1334352,4003056,0,0,0,0,0,0,0,0.0,0,0,0,0,0,0,0,0,0,0,0.0,0,0.0,0.006177268504121524,21.25895118713379,1.2438202177261315,24.389972686767578,0,0,0,0
305,83700,240,static,static,1,0,0,10.86,0.60242975,1338192,4014576,0,0,0,0,0,0,0,0.0,0,0,0,0,0,0,0,0,0,0,0.0,0,0.0,0.006160459895986289,21.25895118713379,1.2411390996543514,24.389972686767578,0,0,0,0
306,83865,165,static,static,1,0,0,11.610000000000001,0.601646,1340832,4022496,0,0,0,0,0,0,0,0.0,0,0,0,0,0,0,0,0,0,0,0.0,0,0.0,0.006148821256729643,21.25895118713379,1.2391108522688,24.389972686767578,0,0,0,0
307,84022,157,static,static,1,0,0,11.690000000000001,0.60090025,1343344,4030032,0,0,0,0,0,0,0,0.0,0,0,0,0,0,0,0,0,0,0,0.0,0,0.0,0.006137790142387341,21.25895118713379,1.237265605052675,24.389972686767578,0,0,0,0
308,84242,220,static,static,1,0,0,11.06,0.5998552500000001,1346864,4040592,0,0,0,0,0,0,0,0.0,0,0,0,0,0,0,0,0,0,0,0.0,0,0.0,0.006122718545411943,21.25895118713379,1.2349582084633473,24.389972686767578,0,0,0,0
309,84417,175,static,static,1,0,0,11.51,0.599024,1349664,4048992,0,0,0,0,0,0,0,0.0,0,0,0,0,0,0,0,0,0,0,0.0,0,0.0,0.0061111535971660825,21.25895118713379,1.2335321400588102,24.389972686767578,0,0,0,0
310,84613,196,static,static,1,0,0,11.3,0.598093,1352800,4058400,0,0,0,0,0,0,0,0.0,0,0,0,0,0,0,0,0,0,0,0.0,0,0.0,0.0060978443365028645,21.25895118713379,1.231561861724308,24.389972686767578,0,0,0,0
311,84770,157,static,static,1,0,0,11.690000000000001,0.59734725,1355312,4065936,0,0,0,0,0,0,0,0.0,0,0,0,0,0,0,0,0,0,0,0.0,0,0.0,0.006087175648147989,21.25895118713379,1.2299228066414127,24.389972686767578,0,0,0,0
312,84906,136,static,static,1,0,0,11.9,0.59670125,1357488,4072464,0,0,0,0,0,0,0,0.0,0,0,0,0,0,0,0,0,0,0,0.0,0,0.0,0.00607808523040082,21.25895118713379,1.228668906609702,24.389972686767578,0,0,0,0
313,85087,181,static,static,1,0,0,11.450000000000001,0.5958415,1360384,4081152,0,0,0,0,0,0,0,0.0,0,0,0,0,0,0,0,0,0,0,0.0,0,0.0,0.0060657704406001395,21.25895118713379,1.226682697094823,24.389972686767578,0,0,0,0
314,85246,159,static,static,1,0,0,11.670000000000002,0.59508625,1362928,4088784,0,0,0,0,0,0,0,0.0,0,0,0,0,0,0,0,0,0,0,0.0,0,0.0,0.006054985234470969,21.25895118713379,1.224975353398494,24.389972686767578,0,0,0,0
315,85423,177,static,static,1,0,0,11.49,0.5942455,1365760,4097280,0,0,0,0,0,0,0,0.0,0,0,0,0,0,0,0,0,0,0,0.0,0,0.0,0.00604290736617296,21.25895118713379,1.222970689813007,24.389972686767578,0,0,0,0
316,85534,111,static,static,1,0,0,12.150000000000002,0.59371825,1367536,4102608,0,0,0,0,0,0,0,0.0,0,0,0,0,0,0,0,0,0,0,0.0,0,0.0,0.006035338818080407,21.25895118713379,1.22174756775721,24.389972686767578,0,0,0,0
317,85713,179,static,static,1,0,0,11.47,0.592868,1370400,4111200,0,0,0,0,0,0,0,0.0,0,0,0,0,0,0,0,0,0,0,0.0,0,0.0,0.006023456465447099,21.25895118713379,1.2199802987898878,24.389972686767578,0,0,0,0
318,85876,163,static,static,1,0,0,11.63,0.5920937500000001,1373008,4119024,0,0,0,0,0,0,0,0.0,0,0,0,0,0,0,0,0,0,0,0.0,0,0.0,0.006012572704680908,21.25895118713379,1.2182594787252172,24.389972686767578,0,0,0,0
319,86031,155,static,static,1,0,0,11.71,0.5913575,1375488,4126464,0,0,0,0,0,0,0,0.0,0,0,0,0,0,0,0,0,0,0,0.0,0,0.0,0.006002273729514413,21.25895118713379,1.2166856016059882,24.389972686767578,0,0,0,0
320,86193,162,static,static,1,0,0,11.64,0.590588,1378080,4134240,0,0,0,0,0,0,0,0.0,0,0,0,0,0,0,0,0,0,0,0.0,0,0.0,0.005991539537969001,21.25895118713379,1.2150362627089257,24.389972686767578,0,0,0,0
321,86373,180,static,static,1,0,0,11.46,0.5897330000000001,1380960,4142880,0,0,0,0,0,0,0,0.0,0,0,0,0,0,0,0,0,0,0,0.0,0,0.0,0.0059796947957545775,21.25895118713379,1.2132050608001792,24.389972686767578,0,0,0,0
322,86490,117,static,static,1,0,0,12.090000000000002,0.58917725,1382832,4148496,0,0,0,0,0,0,0,0.0,0,0,0,0,0,0,0,0,0,0,0.0,0,0.0,0.005972123376882087,21.25895118713379,1.2121312555785495,24.389972686767578,0,0,0,0
323,86654,164,static,static,1,0,0,11.620000000000001,0.58839825,1385456,4156368,0,0,0,0,0,0,0,0.0,0,0,0,0,0,0,0,0,0,0,0.0,0,0.0,0.005961281808986806,21.25895118713379,1.210405147749965,24.389972686767578,0,0,0,0
324,86823,169,static,static,1,0,0,11.57,0.5875955,1388160,4164480,0,0,0,0,0,0,0,0.0,0,0,0,0,0,0,0,0,0,0,0.0,0,0.0,0.005950204075674753,21.25895118713379,1.2087425020868752,24.389972686767578,0,0,0,0
325,87027,204,static,static,1,0,0,11.22,0.5866264999999999,1391424,4174272,0,0,0,0,0,0,0,0.0,0,0,0,0,0,0,0,0,0,0,0.0,0,0.0,0.005936967245844809,21.25895118713379,1.2067537915379314,24.389972686767578,0,0,0,0
326,87215,188,static,static,1,0,0,11.38,0.5857335,1394432,4183296,0,0,0,0,0,0,0,0.0,0,0,0,0,0,0,0,0,0,0,0.0,0,0.0,0.005924938249423173,21.25895118713379,1.205061672146638,24.389972686767578,0,0,0,0
327,87387,172,static,static,1,0,0,11.540000000000001,0.5849165000000001,1397184,4191552,0,0,0,0,0,0,0,0.0,0,0,0,0,0,0,0,0,0,0,0.0,0,0.0,0.005913769256431466,21.25895118713379,1.2032597269443164,24.389972686767578,0,0,0,0
328,87523,136,static,static,1,0,0,11.9,0.5842705,1399360,4198080,0,0,0,0,0,0,0,0.0,0,0,0,0,0,0,0,0,0,0,0.0,0,0.0,0.005904977181596631,21.25895118713379,1.201889442657325,24.389972686767578,0,0,0,0
329,87714,191,static,static,1,0,0,11.35,0.5833632500000001,1402416,4207248,0,0,0,0,0,0,0,0.0,0,0,0,0,0,0,0,0,0,0,0.0,0,0.0,0.005892706835508494,21.25895118713379,1.1999770693455074,24.389972686767578,0,0,0,0
330,87980,266,static,static,1,0,0,10.6,0.58209975,1406672,4220016,0,0,0,0,0,0,0,0.0,0,0,0,0,0,0,0,0,0,0,0.0,0,0.0,0.00587570239428811,21.25895118713379,1.19727734009754,24.389972686767578,0,0,0,0
331,88166,186,static,static,1,0,0,11.4,0.58121625,1409648,4228944,0,0,0,0,0,0,0,0.0,0,0,0,0,0,0,0,0,0,0,0.0,0,0.0,0.005864139705441355,21.25895118713379,1.195654684785918,24.389972686767578,0,0,0,0
332,88323,157,static,static,1,0,0,11.690000000000001,0.5804705,1412160,4236480,0,0,0,0,0,0,0,0.0,0,0,0,0,0,0,0,0,0,0,0.0,0,0.0,0.005854327388648977,21.25895118713379,1.1942474491761659,24.389972686767578,0,0,0,0
333,88499,176,static,static,1,0,0,11.5,0.5796345,1414976,4244928,0,0,0,0,0,0,0,0.0,0,0,0,0,0,0,0,0,0,0,0.0,0,0.0,0.005843360068659494,21.25895118713379,1.192668198272022,24.389972686767578,0,0,0,0
334,88688,189,static,static,1,0,0,11.370000000000001,0.57873675,1418000,4254000,0,0,0,0,0,0,0,0.0,0,0,0,0,0,0,0,0,0,0,0.0,0,0.0,0.005831466027977761,21.25895118713379,1.19071635603549,24.389972686767578,0,0,0,0
335,88859,171,static,static,1,0,0,11.55,0.5779245,1420736,4262208,0,0,0,0,0,0,0,0.0,0,0,0,0,0,0,0,0,0,0,0.0,0,0.0,0.005820872001485426,21.25895118713379,1.1890794139373115,24.389972686767578,0,0,0,0
336,89009,150,static,static,1,0,0,11.760000000000002,0.5772120000000001,1423136,4269408,0,0,0,0,0,0,0,0.0,0,0,0,0,0,0,0,0,0,0,0.0,0,0.0,0.005811881269095196,21.25895118713379,1.1879687529302476,24.389972686767578,0,0,0,0
337,89197,188,static,static,1,0,0,11.38,0.576319,1426144,4278432,0,0,0,0,0,0,0,0.0,0,0,0,0,0,0,0,0,0,0,0.0,0,0.0,0.005800352337689134,21.25895118713379,1.1861923194229755,24.389972686767578,0,0,0,0
338,89375,178,static,static,1,0,0,11.48,0.5754735,1428992,4286976,0,0,0,0,0,0,0,0.0,0,0,0,0,0,0,0,0,0,0,0.0,0,0.0,0.00578946164921437,21.25895118713379,1.1846190489442416,24.389972686767578,0,0,0,0
339,89504,129,static,static,1,0,0,11.97,0.57486075,1431056,4293168,0,0,0,0,0,0,0,0.0,0,0,0,0,0,0,0,0,0,0,0.0,0,0.0,0.005781818874131238,21.25895118713379,1.1836694151751075,24.389972686767578,0,0,0,0
340,89639,135,static,static,1,0,0,11.91,0.5742195000000001,1433216,4299648,0,0,0,0,0,0,0,0.0,0,0,0,0,0,0,0,0,0,0,0.0,0,0.0,0.005773775634199046,21.25895118713379,1.1825942232942743,24.389972686767578,0,0,0,0
341,89794,155,static,static,1,0,0,11.71,0.57348325,1435696,4307088,0,0,0,0,0,0,0,0.0,0,0,0,0,0,0,0,0,0,0,0.0,0,0.0,0.005764390065417583,21.25895118713379,1.1811317931519993,24.389972686767578,0,0,0,0
342,89937,143,static,static,1,0,0,11.830000000000002,0.572804,1437984,4313952,0,0,0,0,0,0,0,0.0,0,0,0,0,0,0,0,0,0,0,0.0,0,0.0,0.00575582010596302,21.25895118713379,1.179889913452717,24.389972686767578,0,0,0,0
