bin_start_step,bin_end_step,updates,q_abs_max,raw_target_max,teacher_label_samples,q_mean_mean,target_mean_mean,raw_target_mean_mean,raw_target_outside_fraction_mean,target_clip_fraction_mean,td_loss_mean,demo_margin_loss_mean,teacher_margin_weight_mean
1,1000,501,5.506917953491211,10.0,27202,0.12233296734468636,0.18240171822230378,0.18240171822230378,0.0,0.0,0.11817707721898685,0.0656708364011087,0.9924999999999995
1001,2000,1000,11.442930221557617,10.065009117126465,53134,0.9700880516469479,0.9826126464307309,0.9826126464307309,0.0009375,0.0,0.07486333914473653,0.005824316667222092,0.9849949999999991
2001,3000,1000,12.509407043457031,11.101447105407715,51926,2.076896566271782,2.082898968100548,2.082898968100548,0.033703125,0.0,0.08237453536875546,0.00394655902858085,0.974995
3001,4000,1000,12.475605964660645,11.53834342956543,51579,3.0967515169382094,3.0998307074308395,3.0998307074308395,0.09784375,0.0,0.09076304352842271,0.0038780849157737975,0.9649950000000013
4001,5000,1000,12.488224983215332,11.83633041381836,51432,4.01614041018486,4.011974160432816,4.011974160432816,0.1475,0.0,0.09434702512435615,0.003938849177976408,0.9549949999999993
5001,6000,1000,12.717007637023926,12.343727111816406,51568,4.907951210737228,4.904311771154403,4.904311771154403,0.18971875,0.0,0.09473572290502488,0.0034471188783163596,0.9449949999999999
6001,7000,1000,12.977258682250977,12.86462116241455,51670,6.008024124622345,6.004796894073486,6.004796894073486,0.265234375,0.0,0.09160932599008083,0.003234441948223321,0.9349950000000008
7001,8000,1000,13.595988273620605,13.17160415649414,51276,6.686947257518768,6.682803268432617,6.682803268432617,0.3244375,0.0,0.09786059233732522,0.003545634342321023,0.9249950000000003
8001,9000,1000,13.5498046875,13.366835594177246,50956,7.457356388092041,7.454038689136505,7.454038689136505,0.380234375,0.0,0.10051634587720036,0.0033118974661820173,0.9149949999999989
9001,10000,1000,14.210108757019043,13.585588455200195,50826,8.163985439777374,8.16133484697342,8.16133484697342,0.428703125,0.0,0.10097591886296868,0.0032274280077454025,0.9049949999999998
10001,11000,1000,14.90194034576416,14.490362167358398,50408,8.877480847358704,8.875897553920746,8.875897553920746,0.4823125,0.0,0.10546026689186692,0.003307213633702304,0.8949950000000011
11001,12000,1000,15.852253913879395,15.317703247070312,50281,9.66891948890686,9.668067196846009,9.668067196846009,0.551140625,0.0,0.09982088585942983,0.0031096455102024266,0.8849949999999993
12001,13000,1000,16.44458770751953,15.948102951049805,49975,10.11934916305542,10.115079149246215,10.115079149246215,0.5950625,0.0,0.09473108506388962,0.002907426485250653,0.8749949999999996
13001,14000,1000,16.599538803100586,16.103496551513672,50212,10.846635087013244,10.843905339241028,10.843905339241028,0.65828125,0.0,0.09024233406409621,0.002646359268608194,0.8649950000000007
14001,15000,1000,17.510705947875977,17.250930786132812,49796,11.11507955646515,11.11552926826477,11.11552926826477,0.702,0.0,0.0887463858909905,0.0026344647220037983,0.8549950000000005
15001,16000,1000,17.916959762573242,17.687959671020508,49561,11.611938884735107,11.611889474868775,11.611889474868775,0.770234375,0.0,0.08665305526554584,0.002457061400558814,0.8449949999999989
16001,17000,1000,18.542213439941406,18.33775520324707,49289,12.059543704032897,12.057688591957092,12.057688591957092,0.841765625,0.0,0.08842733486741781,0.0021449792001162677,0.8349949999999999
17001,18000,1000,18.869945526123047,18.49359893798828,49046,12.314359619140625,12.314498711586,12.314498711586,0.900078125,0.0,0.09465629414096474,0.002181051125299291,0.8249950000000011
18001,19000,1000,19.259246826171875,18.805482864379883,48882,12.640628921508789,12.640935386657715,12.640935386657715,0.963703125,0.0,0.09418230067566037,0.0022176650587625774,0.8149949999999996
19001,20000,1000,18.699352264404297,18.154457092285156,48935,12.908535093307496,12.909825530052185,12.909825530052185,0.966859375,0.0,0.09395834720134735,0.0023026465089456,0.8049949999999995
20001,21000,1000,18.446861267089844,17.8419246673584,48647,12.930382223129273,12.93007561302185,12.93007561302185,0.968734375,0.0,0.08753154333680868,0.002183802179330769,0.7949950000000007
21001,22000,1000,18.621360778808594,17.79672622680664,48367,13.008077043533325,13.008757858276367,13.008757858276367,0.966296875,0.0,0.09070137906074524,0.0022511150264861043,0.7849950000000002
22001,23000,1000,19.025835037231445,17.929534912109375,48102,13.077741650581359,13.075496777534484,13.075496777534484,0.975640625,0.0,0.09334520158544182,0.00201429555755022,0.7749949999999991
23001,24000,1000,18.26555633544922,18.054115295410156,47471,13.09196185207367,13.089333789825439,13.089333789825439,0.979734375,0.0,0.09062847130000591,0.0020781732648349023,0.764995
24001,25000,1000,18.81252670288086,18.513776779174805,47325,13.350325757980347,13.34881085205078,13.34881085205078,0.98340625,0.0,0.09521963135898114,0.0020267701443835904,0.7549950000000009
25001,26000,1000,19.56105613708496,18.873519897460938,46824,13.687712369918824,13.686002389907838,13.686002389907838,0.9829375,0.0,0.10270663754269481,0.0023051643909443556,0.7449949999999996
26001,27000,1000,20.254789352416992,19.638723373413086,46727,14.06948464012146,14.069594652175903,14.069594652175903,0.9835625,0.0,0.10186962167173624,0.002396368930692461,0.7349949999999993
27001,28000,1000,20.6070613861084,20.90293312072754,46422,14.211911063194275,14.214914867401124,14.214914867401124,0.984875,0.0,0.10598371660709381,0.0025932290506549835,0.724995000000001
28001,29000,1000,21.186840057373047,21.154630661010742,46368,14.215811228752136,14.218347599983215,14.218347599983215,0.98240625,0.0,0.1086995852701366,0.002542516817973592,0.7149950000000003
29001,30000,1000,21.386672973632812,20.88140296936035,45784,14.312929381370544,14.316326445579529,14.316326445579529,0.98428125,0.0,0.11564420001208782,0.0026907440600081145,0.7049949999999994
30001,31000,1000,21.707382202148438,21.01590347290039,45280,14.696456897735596,14.700970408439636,14.700970408439636,0.984546875,0.0,0.11154114951565862,0.0027541133961076414,0.6949950000000001
31001,32000,1000,21.137619018554688,20.737077713012695,45469,14.83547975254059,14.840614514350891,14.840614514350891,0.98353125,0.0,0.1142094166688621,0.0031385615054641677,0.6849950000000006
32001,33000,1000,20.83310317993164,20.234651565551758,44941,14.673252692222595,14.678269108772279,14.678269108772279,0.9765,0.0,0.11446099169179798,0.003001908837821702,0.6749949999999998
33001,34000,1000,21.19220733642578,20.850690841674805,44597,14.770873899459838,14.775812863349914,14.775812863349914,0.9816875,0.0,0.11950671767443419,0.0031290340290852326,0.6649949999999991
34001,35000,1000,21.250934600830078,20.742393493652344,44427,14.917395735740662,14.92108152294159,14.92108152294159,0.9829375,0.0,0.11861173881962896,0.0031787515285304833,0.6549950000000008
35001,36000,1000,21.89432716369629,21.587472915649414,44056,14.988896201133729,14.996131213188171,14.996131213188171,0.98246875,0.0,0.12014970459043979,0.0031654682434063943,0.6449950000000001
36001,37000,1000,22.335371017456055,22.13759994506836,43734,15.201822701454162,15.20878754711151,15.20878754711151,0.98365625,0.0,0.11851043731719256,0.0031137826874442,0.6349949999999993
37001,38000,1000,22.618749618530273,22.14604377746582,43791,15.196167753219605,15.201970481872559,15.201970481872559,0.981484375,0.0,0.11826353995874524,0.00304566213704976,0.6249950000000001
38001,39000,1000,21.679967880249023,21.783279418945312,43300,15.31290332221985,15.317638844490052,15.317638844490052,0.98309375,0.0,0.12008463732525707,0.00356885000824434,0.6149950000000003
39001,40000,1000,22.538738250732422,21.873332977294922,43220,15.652848711013794,15.65779983329773,15.65779983329773,0.9858125,0.0,0.12040163080394269,0.003998118231882927,0.6049949999999997
40001,41000,1000,22.696447372436523,23.306089401245117,43113,15.932118433952331,15.939325538635254,15.939325538635254,0.982703125,0.0,0.12082430889457464,0.0037777620046426817,0.5949949999999994
41001,42000,1000,23.915653228759766,23.485889434814453,43139,16.053742199897766,16.060000519752503,16.060000519752503,0.981390625,0.0,0.12241844145208597,0.0035572029822837975,0.5849950000000005
42001,43000,1000,23.47433853149414,23.466381072998047,43040,16.227492896080015,16.233701600074767,16.233701600074767,0.98315625,0.0,0.12359400280937552,0.004590950472686927,0.5749950000000003
43001,44000,1000,23.351192474365234,23.02873420715332,43149,16.33054728603363,16.33703022098541,16.33703022098541,0.984890625,0.0,0.12613572554290295,0.004913920107877857,0.5649949999999996
44001,45000,1000,24.004257202148438,24.04496955871582,42625,16.4377701587677,16.444748684883116,16.444748684883116,0.984171875,0.0,0.1378644060343504,0.004800598368434294,0.5549950000000003
45001,46000,1000,24.18696403503418,24.005653381347656,42582,16.33939927005768,16.349144370079042,16.349144370079042,0.98221875,0.0,0.13201476369053125,0.004726132763523765,0.5449950000000001
46001,47000,1000,24.105100631713867,23.736644744873047,42103,16.06315345287323,16.071993737220765,16.071993737220765,0.982125,0.0,0.13057620992511512,0.005007160670513713,0.5349949999999998
47001,48000,1000,25.123477935791016,24.836009979248047,42087,16.30251391029358,16.309476131439208,16.309476131439208,0.98559375,0.0,0.13668242500722408,0.005596323047937631,0.524995
48001,49000,1000,26.667943954467773,25.608768463134766,41906,16.19822126865387,16.20819812774658,16.20819812774658,0.985,0.0,0.1425010475665331,0.005744062338209914,0.5149949999999999
49001,50000,1000,27.942106246948242,26.95157241821289,41915,16.384375217437743,16.394541076660158,16.394541076660158,0.987890625,0.0,0.14482620829343795,0.006147672501017951,0.504995
50001,51000,1000,28.9473819732666,27.95366668701172,41554,16.785559388160706,16.79646247959137,16.79646247959137,0.98871875,0.0,0.15686767895519732,0.006710489322522335,0.4949949999999998
51001,52000,1000,27.403213500976562,26.940799713134766,41570,17.284972749710082,17.300833658218384,17.300833658218384,0.987671875,0.0,0.16640396127849819,0.008429804131690616,0.48499500000000006
52001,53000,1000,28.343477249145508,27.69395637512207,41421,17.667578464508058,17.689675161361695,17.689675161361695,0.989578125,0.0,0.17544847806543112,0.00764865212506993,0.4749950000000002
53001,54000,1000,30.608905792236328,30.21108627319336,41688,18.13784169578552,18.15477191543579,18.15477191543579,0.989234375,0.0,0.17584822665154934,0.006435929403663522,0.46499499999999994
54001,55000,1000,31.636512756347656,30.53472900390625,41672,18.342602905273438,18.364474782943727,18.364474782943727,0.9823125,0.0,0.17771155290305615,0.0070643877615730166,0.4549950000000001
55001,56000,1000,31.587127685546875,30.432682037353516,41302,18.600511682510376,18.623564525604248,18.623564525604248,0.985078125,0.0,0.18564580540359021,0.006843152903195005,0.44499499999999975
56001,57000,1000,33.60368347167969,32.17669677734375,41362,18.753639011383058,18.77969479942322,18.77969479942322,0.9825625,0.0,0.18967646361142396,0.007802890304061293,0.43499499999999997
57001,58000,1000,33.99802017211914,34.362632751464844,41473,18.791141941070556,18.817240489959715,18.817240489959715,0.98409375,0.0,0.17937190469354392,0.007832935255020856,0.424995
58001,59000,1000,36.282676696777344,34.8416633605957,41565,18.784258060455322,18.8048002910614,18.8048002910614,0.982796875,0.0,0.1935564041659236,0.009663796258456387,0.4149950000000001
59001,60000,1000,37.66889190673828,36.624916076660156,41639,19.12209960746765,19.150360832214357,19.150360832214357,0.98734375,0.0,0.19803151275217534,0.010363733978138043,0.4049949999999999
60001,61000,1000,37.85330581665039,36.678260803222656,41092,19.209792177200317,19.2395301322937,19.2395301322937,0.983359375,0.0,0.20802378510683775,0.010908888129488332,0.394995
61001,62000,1000,39.85254669189453,38.449798583984375,41300,19.200348863601686,19.230477195739745,19.230477195739745,0.98765625,0.0,0.21085258393734693,0.010983423601554023,0.38499499999999987
62001,63000,1000,38.58998107910156,37.760276794433594,41287,19.32294659996033,19.360476778030396,19.360476778030396,0.9846875,0.0,0.2250224800556898,0.012640120712749194,0.3749950000000002
63001,64000,1000,38.101280212402344,37.40375900268555,41020,19.029351661682128,19.059608039855956,19.059608039855956,0.9818125,0.0,0.2154202843159437,0.013246298367146664,0.364995
64001,65000,1000,29.360021591186523,28.87067222595215,41136,18.8380184879303,18.866863147735597,18.866863147735597,0.98490625,0.0,0.21205501624196768,0.014302573463071894,0.354995
65001,66000,1000,30.50884246826172,29.39019203186035,40615,18.959236476898194,18.988132009506227,18.988132009506227,0.985203125,0.0,0.21113339365273714,0.015644646521395772,0.344995
66001,67000,1000,30.5440731048584,29.34430503845215,40549,19.337388174057008,19.372833909988405,19.372833909988405,0.9863125,0.0,0.21611346930265427,0.017143171776551752,0.3349949999999997
67001,68000,1000,30.43546485900879,29.98407554626465,40580,19.28398729324341,19.319324401855468,19.319324401855468,0.980390625,0.0,0.2224408789202571,0.018938402763858903,0.32499500000000026
68001,69000,1000,30.063913345336914,29.742565155029297,40344,19.200160493850706,19.238025049209593,19.238025049209593,0.9865,0.0,0.22352006839960814,0.019758906678296627,0.31499499999999975
69001,70000,1000,29.593597412109375,29.29912567138672,39995,19.262372922897338,19.293598878860475,19.293598878860475,0.989234375,0.0,0.22020967462658883,0.02489518724111258,0.30499499999999996
70001,71000,1000,29.38092613220215,29.393667221069336,40393,19.257393087387086,19.288941608428956,19.288941608428956,0.987125,0.0,0.21161885496973992,0.023631984117615502,0.29499500000000023
71001,72000,1000,29.55044174194336,29.159677505493164,40760,19.0324520778656,19.065488567352293,19.065488567352293,0.98684375,0.0,0.2123869438096881,0.025801258504739962,0.28499499999999983
72001,73000,1000,30.045991897583008,29.440372467041016,40201,19.12950646209717,19.16425143432617,19.16425143432617,0.987796875,0.0,0.21826788841933012,0.023946917585795747,0.27499500000000004
73001,74000,1000,29.728254318237305,28.802024841308594,40314,18.73782993888855,18.767269088745117,18.767269088745117,0.983890625,0.0,0.19435864131897687,0.02250222297993605,0.2649949999999998
74001,75000,1000,29.517410278320312,29.090227127075195,40344,18.615440752029418,18.643915380477907,18.643915380477907,0.98146875,0.0,0.19124234592914582,0.026605806426145136,0.254995
75001,76000,1000,29.009349822998047,28.677980422973633,40083,18.674478387832643,18.70764833831787,18.70764833831787,0.982921875,0.0,0.18440969882905484,0.02636486753541976,0.24499499999999996
76001,77000,1000,30.923755645751953,29.609325408935547,40317,18.70841353416443,18.73415430831909,18.73415430831909,0.984234375,0.0,0.18849449746310712,0.029780388584593313,0.23499499999999995
77001,78000,1000,31.37797737121582,30.479251861572266,40439,18.654717016220093,18.6740975189209,18.6740975189209,0.9833125,0.0,0.19087564749270677,0.0336169794453308,0.22499499999999995
78001,79000,1000,31.77933120727539,30.845067977905273,40752,18.80625506591797,18.826076446533204,18.826076446533204,0.985734375,0.0,0.19055250309407712,0.04056693171430379,0.21499499999999996
79001,80000,1000,32.233314514160156,31.111587524414062,40652,18.876062091827393,18.89914602470398,18.89914602470398,0.9845625,0.0,0.18298570480942727,0.04594519688375294,0.20499499999999996
80001,81000,1000,33.22885513305664,32.025360107421875,40767,19.050522874832154,19.073024793624878,19.073024793624878,0.9851875,0.0,0.18264039351046085,0.06347453181073069,0.19499499999999995
81001,82000,1000,34.63056564331055,32.90791702270508,40869,19.28537729072571,19.314694496154786,19.314694496154786,0.987890625,0.0,0.19392602597177028,0.07908828157559038,0.18499500000000002
82001,83000,1000,37.28652572631836,36.55559539794922,40975,19.52950303077698,19.561537340164186,19.561537340164186,0.98896875,0.0,0.19053528714552523,0.09688931284099818,0.17499499999999998
83001,84000,1000,37.434532165527344,35.91316223144531,40907,19.908992113113403,19.938231470108033,19.938231470108033,0.990375,0.0,0.19168554907292126,0.11129071541503072,0.16499500000000003
84001,85000,1000,38.59417724609375,37.485904693603516,40444,19.864919818878175,19.90058143424988,19.90058143424988,0.987125,0.0,0.19682585609704256,0.14323503523692488,0.154995
85001,86000,1000,39.580406188964844,38.90261459350586,40232,19.90935789680481,19.949093433380128,19.949093433380128,0.985359375,0.0,0.20158595614880323,0.16857419917359948,0.14499499999999996
86001,87000,1000,41.60889434814453,40.053157806396484,40422,19.55444863510132,19.5958076877594,19.5958076877594,0.983546875,0.0,0.19898052994161844,0.19832378202676773,0.13499499999999992
87001,88000,1000,41.578392028808594,41.09558868408203,40075,19.671764108657836,19.71116136550903,19.71116136550903,0.985203125,0.0,0.20524654208496212,0.22619723623245955,0.12499499999999998
88001,89000,1000,44.12993621826172,42.63871383666992,40048,19.267401861190795,19.30875688934326,19.30875688934326,0.978359375,0.0,0.2125783971324563,0.2647072646841407,0.11499499999999996
89001,90000,1000,48.126094818115234,45.491912841796875,39843,18.747558731079103,18.79087968635559,18.79087968635559,0.952296875,0.0,0.19901511992514134,0.30924264490604403,0.10499499999999998
90001,91000,1000,47.06850814819336,45.53178405761719,40016,18.530060794830323,18.581367981910706,18.581367981910706,0.957140625,0.0,0.2108957021832466,0.31565671601891515,0.09499500000000001
91001,92000,1000,47.191226959228516,46.14552688598633,39293,18.175946825027467,18.227398307800293,18.227398307800293,0.9785,0.0,0.20011389666050672,0.35363665163517,0.08499499999999999
92001,93000,1000,46.828460693359375,45.7884521484375,38696,17.538806859016418,17.589611927032472,17.589611927032472,0.973109375,0.0,0.1957914246916771,0.3913143719434738,0.07499499999999999
93001,94000,1000,45.72327423095703,44.42888259887695,38391,16.84910700893402,16.890421060562133,16.890421060562133,0.9689375,0.0,0.18388084738329052,0.43504734653234484,0.06499500000000001
94001,95000,1000,47.12186813354492,46.25035858154297,38292,16.18614013671875,16.238100892066957,16.238100892066957,0.9126875,0.0,0.18712109883874656,0.4606343767940998,0.054994999999999974
95001,96000,1000,37.47591018676758,36.202850341796875,38637,15.607748452186584,15.658895606994628,15.658895606994628,0.9705,0.0,0.18663871347904204,0.4891776441335678,0.04499499999999999
96001,97000,1000,37.893836975097656,37.07489776611328,38081,15.393071102142335,15.447006267547607,15.447006267547607,0.969703125,0.0,0.19634477765858174,0.534347806841135,0.03499499999999999
97001,98000,1000,34.51016616821289,33.706932067871094,37790,14.923329894065857,14.974831005096435,14.974831005096435,0.9541875,0.0,0.1775009151287377,0.6111280945539475,0.024994999999999976
98001,99000,1000,34.6951789855957,34.122623443603516,36671,14.77241719341278,14.825724880218505,14.825724880218505,0.952828125,0.0,0.19476139811426402,0.73016731056571,0.014994999999999982
99001,100000,1000,34.232177734375,33.51416015625,35616,15.040930057525635,15.092783878326417,15.092783878326417,0.93665625,0.0,0.19115701015293599,0.853363917350769,0.004995000000000006
100001,101000,1000,38.496524810791016,37.07844543457031,0,15.184959052085876,15.22566061782837,15.22566061782837,0.901375,0.0,0.1797815950140357,0.0,0.0
101001,102000,1000,39.000587463378906,38.14244842529297,0,15.560816534042358,15.597275752067565,15.597275752067565,0.9424375,0.0,0.13661988765001298,0.0,0.0
102001,103000,1000,40.05805587768555,39.11312484741211,0,16.0497685918808,16.080756627082824,16.080756627082824,0.97365625,0.0,0.11974069242738188,0.0,0.0
103001,104000,1000,41.773651123046875,41.30486297607422,0,16.59691404247284,16.625959198951723,16.625959198951723,0.991265625,0.0,0.10858341675437987,0.0,0.0
104001,105000,1000,42.96828842163086,41.027225494384766,0,16.966892033576965,16.982117636680602,16.982117636680602,0.995734375,0.0,0.11512575761787594,0.0,0.0
105001,106000,1000,44.84042739868164,42.7531623840332,0,17.286602940559387,17.30771342086792,17.30771342086792,0.9956875,0.0,0.11964103319868445,0.0,0.0
106001,107000,1000,43.65996170043945,42.40608215332031,0,17.42627630996704,17.446965047836304,17.446965047836304,0.996703125,0.0,0.10483908725064248,0.0,0.0
107001,108000,1000,46.82027816772461,44.26388168334961,0,17.718698301315307,17.738923192977904,17.738923192977904,0.99684375,0.0,0.12179192099533975,0.0,0.0
108001,109000,1000,49.882450103759766,47.591495513916016,0,17.990811765670777,18.01268493270874,18.01268493270874,0.996640625,0.0,0.12404198890551925,0.0,0.0
109001,110000,1000,50.042640686035156,50.158138275146484,0,18.17278856468201,18.19226023864746,18.19226023864746,0.997109375,0.0,0.11189432839863002,0.0,0.0
110001,111000,1000,49.48921585083008,48.520626068115234,0,18.10377819633484,18.12267830848694,18.12267830848694,0.99721875,0.0,0.0900403801947832,0.0,0.0
111001,112000,1000,45.56646728515625,43.95806884765625,0,18.38364457130432,18.404060386657715,18.404060386657715,0.99728125,0.0,0.1072966781090945,0.0,0.0
112001,113000,1000,48.131534576416016,47.01230239868164,0,18.685729192733763,18.703366420745848,18.703366420745848,0.99621875,0.0,0.1307746764300391,0.0,0.0
113001,114000,1000,49.4593505859375,47.621498107910156,0,18.84985283279419,18.87311089324951,18.87311089324951,0.9958125,0.0,0.12261692976951599,0.0,0.0
114001,115000,1000,48.78227615356445,46.80611038208008,0,18.879177003860473,18.919117263793947,18.919117263793947,0.996015625,0.0,0.13587371543608606,0.0,0.0
115001,116000,1000,49.349796295166016,49.04338073730469,0,19.64203920173645,19.67527296447754,19.67527296447754,0.996734375,0.0,0.14360026307962834,0.0,0.0
116001,117000,1000,49.81255340576172,48.572044372558594,0,20.497504751205444,20.525454023361206,20.525454023361206,0.995640625,0.0,0.14871861827373506,0.0,0.0
117001,118000,1000,49.45519256591797,48.25061798095703,0,20.506112564086916,20.538113796234132,20.538113796234132,0.996140625,0.0,0.1264694487452507,0.0,0.0
118001,119000,1000,43.7829704284668,43.67257308959961,0,20.64019379615784,20.670204612731933,20.670204612731933,0.995953125,0.0,0.12592879652045666,0.0,0.0
119001,120000,1000,45.1190299987793,44.54912185668945,0,21.41619215774536,21.449507349014283,21.449507349014283,0.99603125,0.0,0.14859057720191776,0.0,0.0
120001,121000,1000,44.09217834472656,44.20285415649414,0,22.045878608703614,22.087673406600953,22.087673406600953,0.996265625,0.0,0.15563620713166892,0.0,0.0
121001,122000,1000,42.93574905395508,42.37577819824219,0,22.383634269714356,22.418767501831056,22.418767501831056,0.996578125,0.0,0.1509099649786949,0.0,0.0
122001,123000,1000,41.31325912475586,40.61540222167969,0,22.288622117996216,22.321516107559205,22.321516107559205,0.99728125,0.0,0.14500130681693554,0.0,0.0
123001,124000,1000,40.9106559753418,40.242496490478516,0,22.73553047943115,22.76135378456116,22.76135378456116,0.9971875,0.0,0.14515189935266973,0.0,0.0
124001,125000,1000,40.605323791503906,40.557254791259766,0,23.164624967575072,23.18816218185425,23.18816218185425,0.99709375,0.0,0.14846299028769136,0.0,0.0
125001,126000,1000,39.6503791809082,39.5303955078125,0,23.80214057159424,23.82757939529419,23.82757939529419,0.99696875,0.0,0.17083017360046507,0.0,0.0
126001,127000,1000,47.62322235107422,49.042484283447266,0,24.72892514038086,24.738555583953858,24.738555583953858,0.997296875,0.0,0.15977283710613846,0.0,0.0
127001,128000,1000,44.712486267089844,43.032066345214844,0,25.13225899505615,25.145301538467407,25.145301538467407,0.997109375,0.0,0.13309249417483807,0.0,0.0
128001,129000,1000,41.424102783203125,41.029666900634766,0,25.4145081615448,25.42933033943176,25.42933033943176,0.997703125,0.0,0.11702228037640452,0.0,0.0
129001,130000,1000,41.33232116699219,40.55988693237305,0,25.104862380981444,25.1154654712677,25.1154654712677,0.99765625,0.0,0.10904915335029364,0.0,0.0
130001,131000,1000,39.07823181152344,38.762367248535156,0,24.931725408554076,24.93915578651428,24.93915578651428,0.997234375,0.0,0.10216707757115365,0.0,0.0
131001,132000,1000,38.445560455322266,37.222408294677734,0,25.092313537597658,25.102268882751464,25.102268882751464,0.998203125,0.0,0.09912992853298783,0.0,0.0
132001,133000,1000,37.16078186035156,36.898109436035156,0,25.161733068466187,25.162684450149538,25.162684450149538,0.998125,0.0,0.09780362983047962,0.0,0.0
133001,134000,1000,36.06646728515625,35.69374084472656,0,24.936151842117308,24.938583148956297,24.938583148956297,0.998234375,0.0,0.0925404625106603,0.0,0.0
134001,135000,1000,35.18785858154297,34.606441497802734,0,24.466802295684815,24.46546551322937,24.46546551322937,0.99865625,0.0,0.06804153812117875,0.0,0.0
135001,136000,1000,35.36321258544922,34.746917724609375,0,24.133101247787476,24.131462160110473,24.131462160110473,0.998390625,0.0,0.05855923558678478,0.0,0.0
136001,137000,1000,35.53936767578125,35.502235412597656,0,23.460355140686037,23.461289541244508,23.461289541244508,0.9985625,0.0,0.04558047950454056,0.0,0.0
137001,138000,1000,35.55774688720703,35.14816665649414,0,23.03451469230652,23.036985118865967,23.036985118865967,0.99896875,0.0,0.043347698826342825,0.0,0.0
138001,139000,1000,29.285335540771484,28.648740768432617,0,22.657496032714842,22.65910114479065,22.65910114479065,0.99871875,0.0,0.03911174878664315,0.0,0.0
139001,140000,1000,28.271718978881836,28.099538803100586,0,22.306399686813354,22.303578556060792,22.303578556060792,0.9988125,0.0,0.03950871279183775,0.0,0.0
140001,141000,1000,27.932857513427734,27.620838165283203,0,22.0289243183136,22.02421349334717,22.02421349334717,0.998828125,0.0,0.03929847294744104,0.0,0.0
141001,142000,1000,28.73687744140625,28.621488571166992,0,21.594192493438722,21.58866056060791,21.58866056060791,0.998359375,0.0,0.03897360741533339,0.0,0.0
142001,143000,1000,27.241954803466797,26.885480880737305,0,21.075143489837647,21.07049154663086,21.07049154663086,0.998578125,0.0,0.03298548956587911,0.0,0.0
143001,144000,1000,26.090656280517578,25.988649368286133,0,20.407779119491575,20.402049100875853,20.402049100875853,0.9975625,0.0,0.02952479387167841,0.0,0.0
144001,145000,1000,26.099170684814453,25.485795974731445,0,19.80236824417114,19.800596002578736,19.800596002578736,0.99828125,0.0,0.023554313876200467,0.0,0.0
145001,146000,1000,25.602800369262695,25.409942626953125,0,19.38135494995117,19.380057220458983,19.380057220458983,0.997953125,0.0,0.02250530707137659,0.0,0.0
146001,147000,1000,25.71430206298828,25.304092407226562,0,18.87215303039551,18.871552700042724,18.871552700042724,0.998078125,0.0,0.022264939499553292,0.0,0.0
147001,148000,1000,25.499561309814453,24.84330940246582,0,18.430811388015748,18.42995803642273,18.42995803642273,0.998265625,0.0,0.01719896484608762,0.0,0.0
148001,149000,1000,24.927759170532227,24.6738224029541,0,18.008099565505983,18.00657914543152,18.00657914543152,0.99784375,0.0,0.019230928594013676,0.0,0.0
149001,150000,1000,24.745084762573242,24.45356559753418,0,17.464537427902222,17.463113300323485,17.463113300323485,0.998390625,0.0,0.017651585740968586,0.0,0.0
150001,151000,1000,24.234710693359375,23.890138626098633,0,17.129564235687255,17.129493743896486,17.129493743896486,0.99803125,0.0,0.01470823485450819,0.0,0.0
151001,152000,1000,23.562833786010742,23.429826736450195,0,16.673094723701478,16.673391471862793,16.673391471862793,0.99834375,0.0,0.012179932444356383,0.0,0.0
152001,153000,1000,22.967634201049805,22.99009132385254,0,16.12483314037323,16.12549047470093,16.12549047470093,0.998390625,0.0,0.016512824720703066,0.0,0.0
153001,154000,1000,19.945960998535156,19.571523666381836,0,15.558726396560669,15.55919138431549,15.55919138431549,0.998609375,0.0,0.011158733408665284,0.0,0.0
154001,155000,1000,18.002744674682617,17.913753509521484,0,15.035224009513856,15.03530609512329,15.03530609512329,0.998765625,0.0,0.008757492618635296,0.0,0.0
155001,156000,1000,17.264116287231445,17.238515853881836,0,14.514278692245483,14.514428431510925,14.514428431510925,0.998453125,0.0,0.007799459668342024,0.0,0.0
156001,157000,1000,16.703304290771484,16.650196075439453,0,14.064850360870361,14.064687873840333,14.064687873840333,0.9989375,0.0,0.006886943105491809,0.0,0.0
157001,158000,1000,16.243568420410156,16.206649780273438,0,13.653979278564453,13.65319947052002,13.65319947052002,0.998765625,0.0,0.007751275355345569,0.0,0.0
158001,159000,1000,15.715031623840332,15.734945297241211,0,13.26788731098175,13.266970891952514,13.266970891952514,0.999015625,0.0,0.0067737282011657955,0.0,0.0
159001,160000,1000,15.10971450805664,15.08353328704834,0,12.921765781402588,12.920868488311768,12.920868488311768,0.999015625,0.0,0.006186326551192905,0.0,0.0
160001,161000,1000,14.409873962402344,14.204227447509766,0,12.508991250991821,12.508306356430055,12.508306356430055,0.998796875,0.0,0.005230619121110067,0.0,0.0
161001,162000,1000,13.986977577209473,14.134119033813477,0,12.156019538879395,12.15571203804016,12.15571203804016,0.998953125,0.0,0.004236175976926461,0.0,0.0
162001,163000,1000,13.360958099365234,13.441712379455566,0,11.77411325454712,11.773998938560485,11.773998938560485,0.999,0.0,0.0031541368501493707,0.0,0.0
163001,164000,1000,12.543869018554688,12.535757064819336,0,11.437289927482604,11.437325538635253,11.437325538635253,0.998875,0.0,0.0022677719194907696,0.0,0.0
164001,165000,1000,12.345576286315918,12.167858123779297,0,11.082320252418517,11.082358821868896,11.082358821868896,0.99178125,0.0,0.0021088912629056724,0.0,0.0
165001,166000,1000,12.099723815917969,12.499312400817871,0,10.710942335128784,10.710009140968323,10.710009140968323,0.934203125,0.0,0.003121051731810439,0.0,0.0
166001,167000,1000,11.52712345123291,11.570443153381348,0,10.262959630012512,10.262750993728638,10.262750993728638,0.657328125,0.0,0.0019496207627817056,0.0,0.0
167001,168000,1000,11.218839645385742,11.188239097595215,0,9.898344402313233,9.898297144889831,9.898297144889831,0.395828125,0.0,0.0016439968594931997,0.0,0.0
168001,169000,1000,10.759316444396973,10.76453685760498,0,9.583548506736756,9.583476177215577,9.583476177215577,0.22471875,0.0,0.001737904020876158,0.0,0.0
169001,170000,1000,10.462932586669922,10.6155366897583,0,9.285494992256165,9.28550599193573,9.28550599193573,0.05921875,0.0,0.0014803280982014257,0.0,0.0
170001,171000,1000,10.351715087890625,10.335343360900879,0,9.041292881011962,9.04093835067749,9.04093835067749,0.000859375,0.0,0.002340591026790207,0.0,0.0
171001,172000,1000,10.333369255065918,10.322035789489746,0,8.773058760643005,8.773209283828736,8.773209283828736,0.00025,0.0,0.0023065855407039637,0.0,0.0
172001,173000,1000,10.256012916564941,10.075904846191406,0,8.597588088035584,8.597221611976623,8.597221611976623,0.000796875,0.0,0.0024291677797737064,0.0,0.0
173001,174000,1000,10.255202293395996,10.139872550964355,0,8.443198080062865,8.442062286376952,8.442062286376952,0.0008125,0.0,0.003591893103613984,0.0,0.0
174001,175000,1000,10.305452346801758,10.170890808105469,0,8.35036735534668,8.348671781539917,8.348671781539917,0.000859375,0.0,0.004463667947333306,0.0,0.0
175001,176000,1000,10.46495532989502,10.301897048950195,0,8.25042599248886,8.249937079906463,8.249937079906463,0.002125,0.0,0.0032112388125387953,0.0,0.0
176001,177000,1000,10.6021146774292,10.512414932250977,0,8.184840083122253,8.18475666475296,8.18475666475296,0.003453125,0.0,0.0033533599869697353,0.0,0.0
177001,178000,1000,10.6124267578125,10.594921112060547,0,8.175090270996094,8.175079671859741,8.175079671859741,0.00328125,0.0,0.0033286617872072383,0.0,0.0
178001,179000,1000,10.769002914428711,10.60429573059082,0,8.143788661003112,8.143826904296875,8.143826904296875,0.00290625,0.0,0.0033032338267657904,0.0,0.0
179001,180000,1000,10.812983512878418,10.734840393066406,0,8.08336210680008,8.083289329051972,8.083289329051972,0.0033125,0.0,0.0037450798649806528,0.0,0.0
180001,181000,1000,10.823368072509766,10.653903007507324,0,8.05448892402649,8.053798428058624,8.053798428058624,0.00415625,0.0,0.004400951569550671,0.0,0.0
181001,182000,1000,10.80700397491455,10.580812454223633,0,8.0013691239357,7.999837200164795,7.999837200164795,0.00209375,0.0,0.005527675817953423,0.0,0.0
182001,183000,1000,10.694869041442871,10.48109245300293,0,8.070506513118744,8.070193238258362,8.070193238258362,0.00346875,0.0,0.00399449010915123,0.0,0.0
183001,184000,1000,10.867873191833496,10.751710891723633,0,8.193762945652008,8.19387783908844,8.19387783908844,0.005828125,0.0,0.0030808821943355724,0.0,0.0
184001,185000,1000,10.653365135192871,10.504944801330566,0,8.276144778251648,8.276241523265838,8.276241523265838,0.0054375,0.0,0.0029787312858970834,0.0,0.0
185001,186000,1000,11.703171730041504,11.29056167602539,0,8.322995867729187,8.322985297203063,8.322985297203063,0.00871875,0.0,0.002636909752036445,0.0,0.0
186001,187000,1000,12.861627578735352,12.261578559875488,0,8.28825345993042,8.286751241207122,8.286751241207122,0.0069375,0.0,0.00496254227188183,0.0,0.0
187001,188000,1000,13.017436981201172,12.65884780883789,0,8.284722608566284,8.283223310947418,8.283223310947418,0.006421875,0.0,0.005213227966742125,0.0,0.0
188001,189000,1000,13.210692405700684,12.942952156066895,0,8.318901104927063,8.318415133476257,8.318415133476257,0.0079375,0.0,0.003997067558346316,0.0,0.0
189001,190000,1000,13.354267120361328,13.060911178588867,0,8.33273898458481,8.33252076435089,8.33252076435089,0.006171875,0.0,0.0036121082523022778,0.0,0.0
190001,191000,1000,12.592191696166992,12.686715126037598,0,8.36795805978775,8.367960237503052,8.367960237503052,0.00653125,0.0,0.0033137932653771714,0.0,0.0
191001,192000,1000,11.798184394836426,12.12520694732666,0,8.358467171669007,8.35852991962433,8.35852991962433,0.005234375,0.0,0.00257281861564843,0.0,0.0
192001,193000,1000,10.275403022766113,10.221394538879395,0,8.368974803447724,8.369106488227844,8.369106488227844,0.0015625,0.0,0.0020390941483783534,0.0,0.0
193001,194000,1000,10.25982666015625,10.209518432617188,0,8.36130509185791,8.36068915271759,8.36068915271759,0.000625,0.0,0.0027772820515092464,0.0,0.0
194001,195000,1000,12.503939628601074,12.341899871826172,0,8.306532118797302,8.306013929367065,8.306013929367065,0.002171875,0.0,0.0031158746756846083,0.0,0.0
195001,196000,1000,12.552910804748535,12.386402130126953,0,8.375570102214812,8.375590677261352,8.375590677261352,0.009578125,0.0,0.0032009786785347385,0.0,0.0
196001,197000,1000,11.958137512207031,11.939128875732422,0,8.447461973190308,8.447000612258911,8.447000612258911,0.01040625,0.0,0.0033546201404533347,0.0,0.0
197001,198000,1000,10.479697227478027,10.475606918334961,0,8.376263792991638,8.376270367622375,8.376270367622375,0.00134375,0.0,0.002049003444146365,0.0,0.0
198001,199000,1000,10.18326187133789,10.140252113342285,0,8.286484914779663,8.286202825069427,8.286202825069427,0.000390625,0.0,0.0023602287737303413,0.0,0.0
199001,200000,1000,10.201226234436035,10.092337608337402,0,8.300879700660705,8.300848171710967,8.300848171710967,0.0005625,0.0,0.0021074242384638638,0.0,0.0
