map_id,seed,A_validation_auc,B_validation_auc,B_minus_A_auc,B_better_than_A,A_threshold_step,B_threshold_step,A_threshold_right_censored,B_threshold_right_censored,A_final_safe_success,B_final_safe_success,A_final_dynamic_collision,B_final_dynamic_collision,A_final_timeout,B_final_timeout,A_final_static_safe_success,B_final_static_safe_success,A_last_50k_safe_mean,B_last_50k_safe_mean,A_last_50k_safe_std,B_last_50k_safe_std,B_prediction_f1,B_decision_zone_prediction_f1
irregular_workcell_91701,0,0.6729166666666667,0.7020833333333333,0.029166666666666563,1,70000,50000,0,0,1.0,1.0,0.0,0.0,0.0,0.0,1.0,1.0,0.513888888888889,0.9444444444444445,0.3645667985668524,0.0785674201318386,0.28571428571428575,0.47887323943661975
irregular_workcell_91701,1,0.63125,0.7958333333333334,0.16458333333333341,1,120000,60000,0,0,0.5833333333333334,1.0,0.4166666666666667,0.0,0.0,0.0,1.0,1.0,0.9305555555555555,0.9444444444444445,0.15528249843748537,0.0785674201318386,0.42441860465116277,0.5333333333333333
irregular_workcell_91701,2,0.8083333333333332,0.7291666666666667,-0.0791666666666665,0,100000,120000,0,0,1.0,1.0,0.0,0.0,0.0,0.0,1.0,1.0,0.875,0.9583333333333334,0.19094065395649334,0.09316949906249124,0.21556886227544908,0.358974358974359
irregular_workcell_91702,0,0.95,0.9541666666666667,0.004166666666666763,1,30000,50000,0,0,1.0,1.0,0.0,0.0,0.0,0.0,1.0,1.0,1.0,1.0,0.0,0.0,0.31137724550898205,0.5
irregular_workcell_91702,1,0.93125,0.9770833333333333,0.04583333333333328,1,40000,30000,0,0,1.0,1.0,0.0,0.0,0.0,0.0,1.0,1.0,1.0,1.0,0.0,0.0,0.3880597014925373,0.40384615384615385
irregular_workcell_91702,2,0.9,0.9458333333333333,0.04583333333333328,1,30000,30000,0,0,1.0,1.0,0.0,0.0,0.0,0.0,1.0,1.0,1.0,1.0,0.0,0.0,0.6285714285714286,0.9
irregular_workcell_91703,0,0.9166666666666667,0.8416666666666667,-0.07500000000000007,0,40000,50000,0,0,1.0,1.0,0.0,0.0,0.0,0.0,1.0,1.0,1.0,0.9722222222222222,0.0,0.06211299937499414,0.5294117647058824,0.6181818181818183
irregular_workcell_91703,1,0.8083333333333332,0.8125,0.004166666666666763,1,30000,50000,0,0,1.0,1.0,0.0,0.0,0.0,0.0,1.0,1.0,1.0,1.0,0.0,0.0,0.353344768439108,0.4307692307692308
irregular_workcell_91703,2,0.8770833333333333,0.85625,-0.02083333333333337,0,60000,80000,0,0,1.0,1.0,0.0,0.0,0.0,0.0,1.0,1.0,1.0,0.8611111111111112,0.0,0.1145307118227128,0.33538461538461534,0.532258064516129
