phase,bin_start_step,bin_end_step,updates,demo_samples,sample_count,demo_sample_coverage,loss_mean,one_td_loss_mean,n_td_loss_mean,expert_loss_mean,l2_loss_mean,q_abs_max,raw_one_target_max,raw_n_target_max,one_target_clip_fraction_mean,n_target_clip_fraction_mean,beta_mean
online,1,1000,501,29197,32064,0.9105850798403193,0.08276104482314633,0.03137791555822397,0.0481651806344135,0.0013141455987943753,190.3802965967479,10.22095012664795,10.00507640838623,10.0,0.000124750499001996,0.0,0.6014999999999998
online,1001,2000,1000,56168,64000,0.877625,0.039934602092951535,0.010646760197472759,0.0270111650750041,0.00020357231303910338,207.31044424438477,10.230262756347656,10.232107162475586,10.0,0.006015625,0.0,0.6030009999999999
online,2001,3000,1000,53117,64000,0.829953125,0.039457985586486756,0.012109264792059548,0.025027051666053013,8.266349584338694e-05,223.90057873535156,10.376665115356445,10.214308738708496,10.0,0.01428125,0.0,0.605001
online,3001,4000,1000,50007,64000,0.781359375,0.05978065910935402,0.01766880160861183,0.039632162959780545,0.00010342511589982451,237.6269432220459,10.347789764404297,10.177422523498535,10.0,0.001609375,0.0,0.607001
online,4001,5000,1000,47263,64000,0.738484375,0.06979035168327391,0.020715724959969522,0.046414614916779104,0.00011024239736514119,254.97695397949218,10.382065773010254,10.154803276062012,10.0,0.001890625,0.0,0.609001
online,5001,6000,1000,45086,64000,0.70446875,0.07373293923214078,0.021593750522239132,0.04934832323901355,9.1815443219474e-05,269.9050145263672,10.420756340026855,10.143660545349121,10.0,0.000546875,0.0,0.6110009999999998
online,6001,7000,1000,43472,64000,0.67925,0.07662138190865517,0.022545712288469077,0.05119862006884068,4.535131307351037e-05,283.1698302307129,10.33701229095459,10.272961616516113,10.0,0.0040625,0.0,0.6130010000000001
online,7001,8000,1000,41603,64000,0.650046875,0.08361697825975715,0.024370265250094236,0.05620239691156894,0.00010256861019999519,294.1747505493164,10.403549194335938,10.185595512390137,10.0,0.000875,0.0,0.6150010000000001
online,8001,9000,1000,39667,64000,0.619796875,0.09220910235121846,0.027984270007815212,0.061081627672538163,9.133939619596276e-05,305.18653118896486,10.47544002532959,10.209065437316895,10.0,0.006375,0.0,0.6170009999999999
online,9001,10000,1000,38072,64000,0.594875,0.0989806698821485,0.029362832739949225,0.0663695701546967,9.209418745916764e-05,315.61729571533203,10.399728775024414,10.28005313873291,10.0,0.005890625,0.0,0.6190009999999999
online,10001,11000,1000,37054,64000,0.57896875,0.09147208645939826,0.02652005120785907,0.06160815319046378,8.803215830454292e-05,325.5849931945801,10.345523834228516,10.206162452697754,10.0,0.000328125,0.0,0.621001
online,11001,12000,1000,37404,64000,0.5844375,0.0872571344152093,0.025577812595758587,0.05824555444344878,9.769324351398723e-05,333.60742224121094,10.452031135559082,10.247844696044922,10.0,0.004640625,0.0,0.6230010000000002
online,12001,13000,1000,37090,64000,0.57953125,0.09220868675038218,0.025769814773462713,0.06293286708462983,9.840561036889994e-05,340.75993643188474,10.3908052444458,10.1497802734375,10.0,0.002890625,0.0,0.625001
online,13001,14000,1000,37287,64000,0.582609375,0.0981703827790916,0.027083557514473795,0.06747029490768909,0.00010178728480258315,351.474316986084,10.464478492736816,10.247206687927246,10.0,0.007453125,0.0,0.627001
online,14001,15000,1000,37197,64000,0.581203125,0.11818810473755002,0.030337079697288574,0.08406522578187287,0.0001670587321563062,361.8740654602051,10.501408576965332,10.278717041015625,10.0,0.00728125,0.0,0.6290010000000001
online,15001,16000,1000,37056,64000,0.579,0.10986383159831166,0.02798887478839606,0.07794737443048506,0.00022042428492494536,370.7158448486328,10.367695808410645,10.127439498901367,10.0,0.001,0.0,0.6310009999999998
online,16001,17000,1000,37064,64000,0.579125,0.10142893442697823,0.02586514876456931,0.07161085090599954,0.00017328279016174975,377.96520068359376,10.395206451416016,10.142723083496094,10.0,0.0046875,0.0,0.633001
online,17001,18000,1000,37130,64000,0.58015625,0.11299638130515814,0.02759847335424274,0.0813705292493105,0.0001529894030111123,387.4389444580078,10.366808891296387,10.131922721862793,10.0,0.00215625,0.0,0.6350009999999998
online,18001,19000,1000,37082,64000,0.57940625,0.11040636202692986,0.027608899492770435,0.07864290294237435,0.00018452755307246348,397.00318746948244,10.407549858093262,10.200149536132812,10.0,0.0004375,0.0,0.637001
online,19001,20000,1000,36790,64000,0.57484375,0.1097010926567018,0.027619938662741334,0.07780862793326378,0.00021525377046190464,405.7272798461914,10.460938453674316,10.166375160217285,10.0,0.002390625,0.0,0.639001
online,20001,21000,1000,36589,64000,0.571703125,0.10605191583931446,0.02884168237494305,0.07278490330465139,0.0002897936803126129,413.5536686401367,10.360574722290039,10.25655746459961,10.0,0.007421875,0.0,0.6410009999999997
online,21001,22000,1000,36570,64000,0.57140625,0.11175396840646863,0.03180043597659096,0.07548277967609465,0.0002488184446148516,422.19343740844727,10.5125093460083,10.243834495544434,10.0,0.01078125,0.0,0.643001
online,22001,23000,1000,36711,64000,0.573609375,0.1046381412819028,0.02822579200938344,0.07187299105525016,0.00023087553789767412,430.84827981567383,10.31669807434082,10.453015327453613,10.0,0.00378125,0.0,0.6450009999999999
online,23001,24000,1000,36573,64000,0.571453125,0.10448159131407737,0.029890151320956647,0.06993616247177124,0.0002307852696411956,442.449247253418,10.584338188171387,10.213226318359375,10.0,0.0060625,0.0,0.6470009999999999
online,24001,25000,1000,36566,64000,0.57134375,0.10682356714457274,0.030831663952209057,0.071229660121724,0.00023953216250441757,452.2711086425781,10.33226490020752,10.18246078491211,10.0,0.002734375,0.0,0.6490009999999998
online,25001,26000,1000,36431,64000,0.569234375,0.10280122229084372,0.03040643851645291,0.06744599875435234,0.00028681139858190364,466.19735134887696,11.205765724182129,10.597773551940918,10.0,0.014234375,0.0,0.6510009999999998
online,26001,27000,1000,36506,64000,0.57040625,0.1026636540107429,0.030247841386590153,0.06732724552601575,0.00032499193539472414,476.357524597168,10.3759765625,10.156768798828125,10.0,0.00425,0.0,0.6530010000000003
online,27001,28000,1000,36348,64000,0.5679375,0.09261796620488166,0.02809412989905104,0.059340372083708647,0.00033075619685001814,485.27080850219727,10.393120765686035,10.104487419128418,10.0,0.001625,0.0,0.6550009999999995
online,28001,29000,1000,36690,64000,0.57328125,0.08697426652163268,0.02750506153376773,0.054241639631800356,0.0003265953507199697,490.09702780151366,10.512328147888184,10.397428512573242,10.0,0.0194375,0.0,0.6570010000000001
online,29001,30000,1000,36454,64000,0.56959375,0.09230503584817051,0.028081178383436056,0.05896518173441291,0.00030573398465423904,495.2941734008789,10.356513977050781,10.51025676727295,10.0,0.008109375,0.0,0.6590010000000003
online,30001,31000,1000,36433,64000,0.569265625,0.09505874913185836,0.029185510426294057,0.06045873923972249,0.0003967887708045339,501.7710676574707,10.41824722290039,10.2093505859375,10.0,0.001515625,0.0,0.6610009999999997
online,31001,32000,1000,36456,64000,0.569625,0.10044605244323611,0.02994450289895758,0.06493466178886592,0.00046875741266103434,509.8130369873047,10.461503028869629,10.198151588439941,10.0,0.00321875,0.0,0.6630009999999997
online,32001,33000,1000,36514,64000,0.57053125,0.10264848797768354,0.030444209321867675,0.06657353924959898,0.00044224797492165637,518.8491505737304,10.418317794799805,10.263947486877441,10.0,0.00209375,0.0,0.665001
online,33001,34000,1000,36602,64000,0.57190625,0.09754731042683125,0.02853121748473495,0.06327848987374454,0.00045752682351900373,528.007630493164,10.403706550598145,10.169541358947754,10.0,0.001921875,0.0,0.6670010000000002
online,34001,35000,1000,36088,64000,0.563875,0.11016326336190105,0.031739060980267825,0.07249372240714728,0.0005386813681784588,539.1798873291016,10.799371719360352,10.361059188842773,10.0,0.011828125,0.0,0.6690009999999996
online,35001,36000,1000,36284,64000,0.5669375,0.1108211777061224,0.03219394001178443,0.07253668009024114,0.0005991840112299087,549.1373559570312,10.518428802490234,10.363504409790039,10.0,0.0084375,0.0,0.671001
online,36001,37000,1000,36594,64000,0.57178125,0.10193678982183338,0.029598952520638704,0.06622603678610176,0.0005461358852480771,556.5664910888672,10.417803764343262,10.369667053222656,10.0,0.002953125,0.0,0.6730010000000002
online,37001,38000,1000,36484,64000,0.5700625,0.10317014928534626,0.029980604371987282,0.06692224207799882,0.0006536870493862352,561.3616104736328,10.366613388061523,10.22772216796875,10.0,0.00284375,0.0,0.6750009999999999
online,38001,39000,1000,36546,64000,0.57103125,0.0994353370461613,0.030520966607145966,0.06265115251392125,0.0006113183664289182,565.1899929199219,10.481673240661621,10.23291015625,10.0,0.001609375,0.0,0.6770009999999999
online,39001,40000,1000,36665,64000,0.572890625,0.09770773750543595,0.030284257359802724,0.061136183000169694,0.0005911697155602269,569.6127810058593,10.548032760620117,10.212665557861328,10.0,0.002890625,0.0,0.6790010000000001
online,40001,41000,1000,36670,64000,0.57296875,0.10370794555544853,0.03082522021699697,0.06654822996165603,0.0006106458010815459,572.3849954223633,10.5309476852417,10.19553279876709,10.0,0.002765625,0.0,0.6810010000000002
online,41001,42000,1000,36640,64000,0.5725,0.09816446497291327,0.029888047298882156,0.06191559546813369,0.000604475894662869,575.6346582641602,10.659749984741211,10.495153427124023,10.0,0.00771875,0.0,0.6830009999999997
online,42001,43000,1000,36700,64000,0.5734375,0.08888756406866014,0.027706469686701894,0.05477274177689105,0.0006659032580087114,574.2449826049805,10.32577896118164,10.106644630432129,10.0,0.0004375,0.0,0.6850010000000001
online,43001,44000,1000,37127,64000,0.580109375,0.08412315196730197,0.02583670466626063,0.05194458430632949,0.0006164410274850524,572.5422089233399,10.385245323181152,10.215841293334961,10.0,0.00521875,0.0,0.687001
online,44001,45000,1000,37243,64000,0.581921875,0.0797858639229089,0.023183362793177367,0.05033971082512289,0.0005353541511678941,572.7436202392578,10.367517471313477,10.161540985107422,10.0,0.002375,0.0,0.689001
online,45001,46000,1000,37306,64000,0.58290625,0.07955503441020846,0.022915338000282646,0.05045202457718551,0.0004573212219420384,573.0350659179687,10.334088325500488,10.16160774230957,10.0,0.00140625,0.0,0.6910010000000001
online,46001,47000,1000,37494,64000,0.58584375,0.07811942225694657,0.02268065619841218,0.04921446098294109,0.0005158310248674738,570.8474127807617,10.381392478942871,10.281847953796387,10.043404579162598,0.00821875,1.5625e-05,0.6930009999999999
online,47001,48000,1000,37012,64000,0.5783125,0.09331932005658745,0.02521166639123112,0.061742397552356124,0.0006317246778304764,573.353150024414,10.622282981872559,10.292166709899902,10.0,0.007703125,0.0,0.6950010000000002
online,48001,49000,1000,37111,64000,0.579859375,0.09084586218744517,0.025803651384077968,0.058609919928945604,0.000634529709609069,579.7761213989257,10.49979019165039,10.19725513458252,10.0,0.00153125,0.0,0.6970010000000001
online,49001,50000,1000,36800,64000,0.575,0.09119736681133508,0.02532056931965053,0.0594550476660952,0.0005934105133761278,582.8339555053711,10.522103309631348,10.455306053161621,10.103303909301758,0.0100625,3.125e-05,0.6990009999999998
online,50001,51000,1000,36936,64000,0.577125,0.0946680314745754,0.02644173439592123,0.06174138921033591,0.000609447494632434,587.5460292358398,10.42827320098877,10.261056900024414,10.0,0.007015625,0.0,0.7010010000000001
online,51001,52000,1000,36907,64000,0.576671875,0.0902097486089915,0.025690260900650172,0.05803242968581617,0.0005853774250924743,590.1680558471679,10.704111099243164,10.130900382995605,10.0,0.000953125,0.0,0.7030010000000001
online,52001,53000,1000,37102,64000,0.57971875,0.09410527155920863,0.02607257911283523,0.061632474016398195,0.0004953530448862367,590.4865568237304,10.448617935180664,10.315093040466309,10.0,0.008125,0.0,0.7050009999999998
online,53001,54000,1000,37068,64000,0.5791875,0.09876685611903667,0.026638435469940304,0.06568360730074346,0.0005214680590879652,592.3345494995117,10.565670013427734,10.359123229980469,10.0,0.004734375,0.0,0.7070009999999999
online,54001,55000,1000,37195,64000,0.581171875,0.10340214459039271,0.027415617843158543,0.06946918063703925,0.0005571810505166468,596.0165490112305,10.585715293884277,10.358583450317383,10.0,0.004140625,0.0,0.7090010000000002
online,55001,56000,1000,36995,64000,0.578046875,0.10586828381568193,0.028672489129006863,0.07060175145231187,0.0005638629033019242,603.0180358886719,10.52700424194336,10.413656234741211,10.0,0.0044375,0.0,0.7110010000000002
online,56001,57000,1000,36863,64000,0.575984375,0.10306059541553259,0.02806790215196088,0.06835414874646813,0.0005638921919834274,607.4652440795899,10.58757209777832,10.235305786132812,10.0,0.00378125,0.0,0.7130009999999997
online,57001,58000,1000,37087,64000,0.579484375,0.09762755434960127,0.026039474294520915,0.06493085459060967,0.0005684750000659733,608.875074645996,10.58612060546875,10.412663459777832,10.0,0.009734375,0.0,0.7150010000000002
online,58001,59000,1000,36979,64000,0.577796875,0.09615058820508421,0.02615764263831079,0.06324229935277254,0.0006581765001549229,609.2469918823242,10.570921897888184,10.658122062683105,10.0,0.01684375,0.0,0.7170010000000001
online,59001,60000,1000,37057,64000,0.579015625,0.08877946729958057,0.025130778034683318,0.05692639179807156,0.0006387325592613706,608.3565204467774,10.612704277038574,10.518157005310059,10.0,0.014453125,0.0,0.7190009999999999
online,60001,61000,1000,37100,64000,0.5796875,0.08848150487430394,0.025238114015664906,0.056496058033779266,0.0006663998104427264,608.0933110351563,10.820898056030273,10.487763404846191,10.0,0.004609375,0.0,0.721001
online,61001,62000,1000,36838,64000,0.57559375,0.08765764563344419,0.02521396111510694,0.055753033924847845,0.0006234186963969819,606.7232109985351,10.603829383850098,10.508824348449707,10.0,0.008875,0.0,0.7230010000000001
online,62001,63000,1000,36954,64000,0.57740625,0.08329493801668286,0.024008489950560034,0.05255072485934943,0.0006559952160627347,607.972799621582,10.80162525177002,10.474322319030762,10.0,0.005578125,0.0,0.725001
online,63001,64000,1000,37020,64000,0.5784375,0.07768887305259704,0.022460614745505154,0.0485696161268279,0.0006208185537576298,603.7823551025391,11.233677864074707,10.618670463562012,10.0,0.0095625,0.0,0.7270009999999997
online,64001,65000,1000,37424,64000,0.58475,0.07582398173585535,0.02117305219732225,0.048155021348968145,0.0005240205633549521,597.1887648925781,10.462586402893066,10.416705131530762,10.0,0.00234375,0.0,0.7290010000000002
online,65001,66000,1000,37396,64000,0.5843125,0.07837040503323078,0.020523812942672522,0.05133900591358542,0.0005848396245476124,592.2746546630859,10.600813865661621,10.463443756103516,10.0,0.00484375,0.0,0.7310010000000001
online,66001,67000,1000,37792,64000,0.5905,0.07655859514884651,0.01981390116689727,0.05029793434031308,0.0005546957940077846,589.2063989868165,10.668285369873047,10.579201698303223,10.0,0.00371875,0.0,0.7330009999999999
online,67001,68000,1000,37641,64000,0.588140625,0.07340176827460528,0.01982266046339646,0.047205389021430164,0.0005333520742669862,584.0366849975586,10.58318042755127,10.746663093566895,10.0,0.00621875,0.0,0.735001
online,68001,69000,1000,37538,64000,0.58653125,0.07748323747143149,0.020780520216561855,0.05035500361956656,0.0005658500456775073,578.1863815307618,10.978538513183594,10.91573429107666,10.0,0.014109375,0.0,0.7370009999999998
online,69001,70000,1000,37753,64000,0.589890625,0.07642375361546874,0.020698728632647545,0.049349751671776174,0.0006055777165319114,576.9695642089844,10.5698881149292,10.64014720916748,10.0,0.008859375,0.0,0.7390010000000002
online,70001,71000,1000,37440,64000,0.585,0.08131593947857618,0.020577814371790737,0.05433541641384363,0.0006617575201380532,574.0951320190429,10.777315139770508,10.57068157196045,10.0,0.00671875,0.0,0.7410009999999998
online,71001,72000,1000,37510,64000,0.58609375,0.07750039478391409,0.02063157638441771,0.05046359686832875,0.0006811075582527338,572.4114057006836,10.684609413146973,10.570676803588867,10.0,0.008203125,0.0,0.7430009999999999
online,72001,73000,1000,37888,64000,0.592,0.0757001064736396,0.019411569870542735,0.049878832541406154,0.0007048108304639982,570.4893258056641,10.920870780944824,10.576128005981445,10.0,0.01253125,0.0,0.7450010000000002
online,73001,74000,1000,37639,64000,0.588109375,0.08089103603921831,0.020628489865455776,0.05380754808429629,0.0007684672571072042,568.6530916137696,10.599637031555176,10.529257774353027,10.0,0.012640625,0.0,0.7470009999999998
online,74001,75000,1000,37734,64000,0.58959375,0.087287811094895,0.02076901285769418,0.05995197694376111,0.000900533522155456,566.6287836914063,10.66018295288086,10.483424186706543,10.0,0.002890625,0.0,0.7490009999999999
online,75001,76000,1000,37490,64000,0.58578125,0.08014198362268507,0.01903132848953828,0.05465317837987095,0.0007682422606649197,568.9234609985351,10.79404067993164,10.590100288391113,10.0,0.004859375,0.0,0.7510010000000001
online,76001,77000,1000,37614,64000,0.58771875,0.08710194736532867,0.02140197428315878,0.05913653319887817,0.0008320496776791515,573.1390043334961,10.600785255432129,10.549756050109863,10.0,0.004828125,0.0,0.7530010000000005
online,77001,78000,1000,37619,64000,0.587796875,0.08999337869137526,0.02223942374717444,0.06109803013317287,0.0008441850007911853,581.1740127563477,10.731760025024414,10.441414833068848,10.0,0.006171875,0.0,0.7550009999999996
online,78001,79000,1000,37730,64000,0.58953125,0.10268871081061662,0.02410371881350875,0.0717464731708169,0.0009581394473646014,588.0379758911133,10.686003684997559,10.651575088500977,10.0,0.005578125,0.0,0.7570009999999999
online,79001,80000,1000,37633,64000,0.588015625,0.09908990266360343,0.02451539094885811,0.06776527891680598,0.0008718878769686853,593.7345258178711,10.716608047485352,10.62074089050293,10.013303756713867,0.015671875,4.6875e-05,0.7590010000000004
online,80001,81000,1000,37698,64000,0.58903125,0.1147454090565443,0.026558186356909572,0.08122491527255625,0.0009420339497464738,602.0273450317383,11.019063949584961,10.632225036621094,10.0,0.009140625,0.0,0.7610009999999997
online,81001,82000,1000,37430,64000,0.58484375,0.11708002993837,0.02699965634010732,0.08292160320561379,0.001039193174265847,611.9577401123047,10.681634902954102,10.53426456451416,10.0,0.01465625,0.0,0.7630009999999999
online,82001,83000,1000,37357,64000,0.583703125,0.1141526714079082,0.027958449888043104,0.07893872227706016,0.0010393112025631126,621.6188337402343,10.600406646728516,10.584612846374512,10.0,0.00665625,0.0,0.765001
online,83001,84000,1000,37721,64000,0.589390625,0.12101826950348914,0.029526943480130286,0.08418047519493849,0.0010246628186241652,628.6188049316406,10.761747360229492,10.293343544006348,10.0,0.000875,0.0,0.7670010000000002
online,84001,85000,1000,37761,64000,0.590015625,0.11965560250915587,0.02849522657133639,0.08366347905434668,0.001145338650976555,635.1558336791992,10.816669464111328,10.409202575683594,10.0,0.007875,0.0,0.769001
online,85001,86000,1000,37793,64000,0.590515625,0.11824084124714136,0.0295024099429138,0.08116981937084347,0.001155894697929625,641.271737854004,10.508650779724121,10.28302001953125,10.0,0.0053125,0.0,0.7710009999999996
online,86001,87000,1000,37976,64000,0.593375,0.10995969206094741,0.02720035815704614,0.07528446095064283,0.0010387358579400825,643.6137705078125,11.071211814880371,10.506896018981934,10.0,0.012390625,0.0,0.7730010000000002
online,87001,88000,1000,37953,64000,0.593015625,0.10706384342350066,0.026714153294451533,0.07274888709653168,0.0011285517033602446,647.2251417846679,10.629446029663086,10.44465160369873,10.0,0.0036875,0.0,0.7750009999999998
online,88001,89000,1000,37757,64000,0.589953125,0.10906782872602344,0.02611089144833386,0.07544790656398982,0.0010371582945324462,647.1872305297852,10.671677589416504,10.368844032287598,10.0,0.01125,0.0,0.7770009999999997
online,89001,90000,1000,38094,64000,0.59521875,0.10504374251142144,0.023832311724312605,0.07371608933247625,0.0009904900959415955,650.4851809082031,10.524849891662598,10.588981628417969,10.0,0.025421875,0.0,0.7790009999999998
online,90001,91000,1000,37924,64000,0.5925625,0.107866753378883,0.022646164926234634,0.07761123169027269,0.0010722690853071982,653.7088168334961,10.562088012695312,10.42927360534668,10.0,0.005109375,0.0,0.7810010000000002
online,91001,92000,1000,37796,64000,0.5905625,0.10623608532547951,0.022800984367728233,0.07580232215393334,0.0010779898542750744,655.4788999633789,10.612300872802734,10.481881141662598,10.0,0.013796875,0.0,0.7830010000000001
online,92001,93000,1000,37806,64000,0.59071875,0.10258509339950979,0.02286459453497082,0.07205749010667205,0.001114824724789287,654.8184161987305,11.282585144042969,10.855134963989258,10.0,0.010140625,0.0,0.7850009999999995
online,93001,94000,1000,37590,64000,0.58734375,0.09931372231431305,0.022736135185230523,0.06892222885135561,0.001095700433164893,655.9657637939453,10.703046798706055,10.495247840881348,10.0,0.01071875,0.0,0.7870010000000002
online,94001,95000,1000,37972,64000,0.5933125,0.10839231930486858,0.024403686160221694,0.0762230961304158,0.0011427721789161183,662.2764697265625,10.9594144821167,11.177411079406738,10.2683687210083,0.0100625,6.25e-05,0.789001
online,95001,96000,1000,37609,64000,0.587640625,0.11019614138454199,0.025954621273092924,0.07640542763378472,0.0011156149875678238,672.047770324707,11.654865264892578,10.581597328186035,10.0,0.01325,0.0,0.791001
online,96001,97000,1000,37698,64000,0.58903125,0.10492931578308344,0.026093426793813705,0.0709286038139835,0.0011370176140517287,677.0267692260742,10.757095336914062,10.570435523986816,10.0,0.011125,0.0,0.7930010000000002
online,97001,98000,1000,38076,64000,0.5949375,0.10569329195655883,0.025993776087183507,0.07181491585168988,0.0010928211558511975,679.1779012451171,11.171823501586914,10.624724388122559,10.051799774169922,0.02028125,1.5625e-05,0.795001
online,98001,99000,1000,37957,64000,0.593078125,0.10169680408574641,0.02613601858401671,0.06769688988290727,0.0010598551238817891,680.4040578613282,10.934368133544922,10.547940254211426,10.0,0.01940625,0.0,0.797001
online,99001,100000,1000,37912,64000,0.592375,0.09243178603239358,0.023471783125773072,0.06113543528784066,0.0010450796003788128,677.9488247680664,12.156959533691406,10.493300437927246,10.0,0.00928125,0.0,0.7990009999999999
online,100001,101000,1000,38091,64000,0.595171875,0.08440942534059286,0.022635034767910837,0.054007329718675466,0.0010046947677892603,676.2366212768554,10.701251029968262,10.616472244262695,10.0,0.00871875,0.0,0.801001
online,101001,102000,1000,38408,64000,0.600125,0.07535578225180507,0.020767068860586733,0.04698687419714406,0.0008931270929615493,670.8712033081055,11.066642761230469,11.078337669372559,10.322089195251465,0.0088125,1.5625e-05,0.8030010000000001
online,102001,103000,1000,38579,64000,0.602796875,0.07311976713128387,0.019493277901783585,0.046190957105252894,0.0008040733098423516,663.145908203125,11.2639799118042,10.686288833618164,10.0,0.00590625,0.0,0.8050010000000002
online,103001,104000,1000,38913,64000,0.608015625,0.06829580414667726,0.018257976436987518,0.04275064792856574,0.0007374691895329306,654.9710709228516,10.478458404541016,10.28764533996582,10.0,0.00503125,0.0,0.8070009999999999
online,104001,105000,1000,39233,64000,0.613015625,0.05561586726643145,0.01532163829030469,0.03319911887682974,0.0006501436447397282,644.4966493530274,10.627867698669434,10.413050651550293,10.0,0.012484375,0.0,0.8090009999999999
online,105001,106000,1000,39254,64000,0.61334375,0.05250925018452108,0.013451290297787636,0.03217708845343441,0.0005881579702909221,629.2713645629883,10.536293029785156,10.38787841796875,10.0,0.00215625,0.0,0.8110010000000003
online,106001,107000,1000,39271,64000,0.613609375,0.05191158437356353,0.013460497118532658,0.03174312576279044,0.0005667817701282729,614.1180042114257,10.566125869750977,10.469335556030273,10.0,0.00928125,0.0,0.8130009999999995
online,107001,108000,1000,39521,64000,0.617515625,0.05438391304947436,0.0136174847795628,0.03413456302369013,0.0006260593895294732,600.5805906982422,10.50193977355957,10.483423233032227,10.0,0.0053125,0.0,0.8150010000000001
online,108001,109000,1000,39843,64000,0.622546875,0.05703339889831841,0.013320356546435505,0.03717831715149805,0.0006315507274503034,590.317462890625,10.702583312988281,10.551886558532715,10.0,0.00675,0.0,0.8170010000000005
online,109001,110000,1000,39714,64000,0.62053125,0.07284426156431437,0.014111785883782431,0.052125425424426795,0.0007593543399030977,584.7695932006836,11.319293022155762,11.11508846282959,10.356549263000488,0.007421875,4.6875e-05,0.8190009999999996
online,110001,111000,1000,39847,64000,0.622609375,0.06605762547440827,0.013109288045438006,0.04634642135584727,0.0007716068616143729,583.0309354858398,11.056260108947754,10.95438289642334,10.209741592407227,0.021015625,4.6875e-05,0.8210009999999998
online,111001,112000,1000,39679,64000,0.619984375,0.06560024685040117,0.013725945936050267,0.04531738315243274,0.000766209571969739,579.0708259887696,10.724804878234863,10.590532302856445,10.0,0.012046875,0.0,0.8230010000000001
online,112001,113000,1000,40240,64000,0.62875,0.06418828324228525,0.013704498555744066,0.04400948877865449,0.0007096806591034693,576.4615424804688,10.643204689025879,10.422739028930664,10.0,0.0044375,0.0,0.8250010000000002
online,113001,114000,1000,40174,64000,0.62771875,0.06161749031022191,0.012717313399538398,0.04241389394365251,0.0007523224783853948,573.3960549316406,10.642026901245117,10.57297134399414,10.0,0.00678125,0.0,0.827001
online,114001,115000,1000,40104,64000,0.626625,0.06720391921512782,0.014936444796388969,0.045767541362904014,0.0007514509062530124,574.8482321777344,10.661515235900879,10.575963020324707,10.0,0.012265625,0.0,0.829001
online,115001,116000,1000,40062,64000,0.62596875,0.0682465007873252,0.015219768127892167,0.04649497548257932,0.0007527574032847042,577.8999819335937,10.654521942138672,10.762068748474121,10.058244705200195,0.010640625,1.5625e-05,0.8310010000000002
online,116001,117000,1000,40082,64000,0.62628125,0.07160341042745859,0.015984994512051345,0.04909107004897669,0.0007367052219833568,579.0640853881836,10.475678443908691,10.332124710083008,10.0,0.003921875,0.0,0.833001
online,117001,118000,1000,40002,64000,0.62503125,0.07599716033041477,0.016490038545802235,0.0530095599652268,0.0007096594199920219,578.7902506713867,11.176877975463867,10.568520545959473,10.0,0.01425,0.0,0.8350009999999999
online,118001,119000,1000,39858,64000,0.62278125,0.07493782433308661,0.01703166611120105,0.05137682610983029,0.0006956364237807407,583.3695785522461,10.8073091506958,11.03355884552002,10.105853080749512,0.02540625,4.6875e-05,0.837001
online,119001,120000,1000,40109,64000,0.626703125,0.06449773799814283,0.016805059507954866,0.04120644390862435,0.0006240787502356397,586.2156040649414,10.659400939941406,10.495290756225586,10.0,0.010296875,0.0,0.8390010000000001
online,120001,121000,1000,40021,64000,0.625328125,0.06695257496275007,0.016353414315963165,0.04409918549656868,0.000617071531601141,588.2903831176758,10.760021209716797,10.511981964111328,10.0,0.006515625,0.0,0.8410009999999999
online,121001,122000,1000,40135,64000,0.627109375,0.06007577870413661,0.01571731678908691,0.037936306801158934,0.0005628923945455427,585.9262831420898,10.881754875183105,10.545462608337402,10.0,0.00346875,0.0,0.8430009999999998
online,122001,123000,1000,40284,64000,0.6294375,0.05558326747082174,0.015019502093084157,0.034180325595661996,0.0006004217423960654,578.3018134765625,10.883482933044434,10.428871154785156,10.0,0.007375,0.0,0.8450010000000004
online,123001,124000,1000,40695,64000,0.635859375,0.0538774803429842,0.015498426566831768,0.0322048930125311,0.0004961274159495588,567.8033516235351,10.64444351196289,11.197432518005371,10.0,0.004390625,0.0,0.8470009999999999
online,124001,125000,1000,40740,64000,0.6365625,0.05003095336444676,0.01479907256923616,0.029166507861576974,0.0005040094248488458,556.1363734741211,10.99348258972168,10.539446830749512,10.0,0.01240625,0.0,0.8490009999999998
online,125001,126000,1000,41049,64000,0.641390625,0.046971226424910126,0.014213837870862335,0.026830772320274265,0.0005120692724849505,541.4547005004882,10.695959091186523,10.52450942993164,10.0,0.003484375,0.0,0.8510010000000003
online,126001,127000,1000,41251,64000,0.644546875,0.0458446560157463,0.014274156405590474,0.025782792347017677,0.0005171513702180164,527.0556158447266,11.402884483337402,11.766261100769043,11.045608520507812,0.004625,1.5625e-05,0.8530009999999999
online,127001,128000,1000,41591,64000,0.649859375,0.042491564626805485,0.012722503559431062,0.024144583004526793,0.00049730711261941,512.7171195678711,10.872058868408203,10.466554641723633,10.0,0.02265625,0.0,0.855001
online,128001,129000,1000,41366,64000,0.64634375,0.035588216253556314,0.009857841282035224,0.0202700969716534,0.00044685994143901553,501.3418153381348,10.973115921020508,10.617977142333984,10.0,0.004421875,0.0,0.8570009999999998
online,129001,130000,1000,41803,64000,0.653171875,0.03187656639423221,0.008787153502111324,0.017831531323259698,0.00039509275251680266,486.2788954772949,10.616612434387207,10.5563383102417,10.0,0.005453125,0.0,0.8590010000000002
online,130001,131000,1000,41783,64000,0.652859375,0.028894739209674298,0.007082768562366255,0.01670262429723516,0.0004014843768035803,470.7862167663574,10.594348907470703,10.443816184997559,10.0,0.0105,0.0,0.861001
online,131001,132000,1000,41661,64000,0.650953125,0.027562382485717535,0.006697154071764089,0.01585706425877288,0.00039692413962393405,461.1240137023926,10.92277717590332,10.447925567626953,10.0,0.007375,0.0,0.8630009999999998
online,132001,133000,1000,42004,64000,0.6563125,0.025822242016904057,0.006559625175432302,0.014421951940981672,0.00037526768715792966,446.5397373352051,10.471458435058594,10.430463790893555,10.0,0.00915625,0.0,0.865001
online,133001,134000,1000,42096,64000,0.65775,0.023524020641110838,0.006286123295547441,0.012568729773629456,0.00034171529964405065,432.7452364501953,10.483949661254883,10.35512638092041,10.0,0.00378125,0.0,0.8670010000000001
online,134001,135000,1000,42105,64000,0.657890625,0.024187733783386647,0.006353776402887888,0.013309866890311241,0.0003310788240260081,419.3011787414551,10.571122169494629,10.661908149719238,10.02769660949707,0.005984375,3.125e-05,0.869001
online,135001,136000,1000,41873,64000,0.654265625,0.03537792807165533,0.007654575488297268,0.023205098373815417,0.0003452714592058328,417.2982952575684,10.495767593383789,10.8742036819458,10.0,0.016015625,0.0,0.8710009999999995
online,136001,137000,1000,41984,64000,0.656,0.033175599751994016,0.007817359428619965,0.02084233522322029,0.00034050977284186956,417.53954180908204,10.423903465270996,10.34363079071045,10.0,0.00534375,0.0,0.8730010000000004
online,137001,138000,1000,42448,64000,0.66325,0.0321310667777434,0.00753089311067015,0.02013454378535971,0.0003469361832854929,411.8693813171387,10.381181716918945,10.292988777160645,10.0,0.00165625,0.0,0.875001
online,138001,139000,1000,42258,64000,0.66028125,0.029658622620627285,0.007312854851479642,0.017981825147988274,0.00031209907621644107,405.1843693237305,11.871495246887207,10.511899948120117,10.0,0.001921875,0.0,0.8770009999999998
online,139001,140000,1000,42635,64000,0.666171875,0.02972805159725249,0.007311583109898493,0.018138933354755863,0.00031060680746759317,396.69284182739256,10.364998817443848,10.171256065368652,10.0,0.0018125,0.0,0.8790010000000004
online,140001,141000,1000,42761,64000,0.668140625,0.026757239180617034,0.006742525509791449,0.015819787517655642,0.00029991178151522036,389.5014476013184,10.407103538513184,10.162670135498047,10.0,0.004484375,0.0,0.8810009999999998
online,141001,142000,1000,42672,64000,0.66675,0.027555364122148603,0.0070700812737923115,0.01642336177418474,0.00028102356745489485,378.08975720214846,10.333209991455078,10.179239273071289,10.0,0.002078125,0.0,0.8830009999999999
online,142001,143000,1000,42946,64000,0.67103125,0.02678296756837517,0.007325927521800622,0.015484676009393298,0.00028268353826024393,368.9680614318848,10.277355194091797,10.209409713745117,10.0,0.004171875,0.0,0.8850009999999998
online,143001,144000,1000,43005,64000,0.671953125,0.029732328999787568,0.007792918596183881,0.01804375111265108,0.00030584991330886166,358.98094595336914,10.361650466918945,10.25554370880127,10.0,0.007875,0.0,0.8870009999999998
online,144001,145000,1000,43086,64000,0.67321875,0.03172590287216008,0.00793163063575048,0.019935102983377875,0.000312714091238675,354.6455264587402,10.49034595489502,10.208970069885254,10.0,0.010578125,0.0,0.8890010000000002
online,145001,146000,1000,43325,64000,0.676953125,0.02552441406343132,0.005997586995188612,0.01574212965159677,0.0002805128596485247,350.4184652709961,10.458443641662598,10.284448623657227,10.0,0.00584375,0.0,0.8910009999999996
online,146001,147000,1000,43652,64000,0.6820625,0.02065930070541799,0.005147563922102563,0.011933578669442795,0.0001975886411424881,338.0569543762207,10.379121780395508,10.297243118286133,10.0,0.017921875,0.0,0.8930009999999999
online,147001,148000,1000,43765,64000,0.683828125,0.020655244286172093,0.005113311196037102,0.012099681554595008,0.00019182494423967,325.04266690063474,10.342368125915527,10.269665718078613,10.0,0.006359375,0.0,0.895001
online,148001,149000,1000,44108,64000,0.6891875,0.01918198526231572,0.0049286236113403,0.010957460696692579,0.00017951892844200756,311.6382113342285,10.315622329711914,10.141579627990723,10.0,0.006703125,0.0,0.8970009999999999
online,149001,150000,1000,44263,64000,0.691609375,0.02526694355579093,0.005053485372452996,0.016980924553005025,0.0002016309563842924,303.0902667541504,10.438307762145996,10.2957763671875,10.0,0.013578125,0.0,0.8990009999999997
online,150001,151000,1000,44428,64000,0.6941875,0.022383466941770166,0.004172215839556884,0.015028253349941224,0.00018562915282402148,299.7368551330566,10.39185619354248,10.372210502624512,10.0,0.004921875,0.0,0.9010010000000002
online,151001,152000,1000,44827,64000,0.700421875,0.024109887161757798,0.0044064801354252265,0.016596574608702213,0.00015442274362354168,295.2409694519043,10.327528953552246,10.083253860473633,10.0,0.00215625,0.0,0.9030010000000003
online,152001,153000,1000,44737,64000,0.699015625,0.02592642262484878,0.005113647753198165,0.017685424304916524,0.00017219780993735868,295.51528128051757,10.546759605407715,10.651101112365723,10.0,0.004578125,0.0,0.9050009999999997
online,153001,154000,1000,45071,64000,0.704234375,0.0204108351864852,0.004726879204885336,0.012633956274599768,0.00013013265610850054,291.98670513916016,10.308759689331055,10.439016342163086,10.0,0.005171875,0.0,0.9070010000000001
online,154001,155000,1000,45340,64000,0.7084375,0.01927709953952581,0.003833030601905193,0.012472014343657065,0.00012723591532866864,284.48186764526366,10.512843132019043,10.35749340057373,10.0,0.0030625,0.0,0.909001
online,155001,156000,1000,45032,64000,0.703625,0.020900194625835866,0.004589570868643932,0.013293432533042505,0.00015015704929151495,286.70343951416015,10.370222091674805,10.287540435791016,10.0,0.003046875,0.0,0.9110010000000001
online,156001,157000,1000,45186,64000,0.70603125,0.020335856860969215,0.0050097886060539165,0.012368791919376235,0.00010569025408057087,285.15862356567385,10.43874454498291,10.26898193359375,10.0,0.005609375,0.0,0.913001
online,157001,158000,1000,45362,64000,0.70878125,0.01810928968898952,0.005043715079344111,0.010159677500196267,9.98186854491081e-05,280.6078491821289,10.78030776977539,10.427109718322754,10.0,0.00815625,0.0,0.9150009999999997
online,158001,159000,1000,45336,64000,0.708375,0.01769213594356552,0.0048675349044206085,0.009962256707658525,0.00011187667920654575,275.0467710571289,10.560467720031738,10.173267364501953,10.0,0.004484375,0.0,0.9170010000000004
online,159001,160000,1000,45333,64000,0.708328125,0.01489803927578032,0.004574995407529059,0.007527087278955151,0.00010654383428606273,268.9412816162109,10.752288818359375,10.712556838989258,10.0,0.00690625,0.0,0.919001
online,160001,161000,1000,45760,64000,0.715,0.012853504854254424,0.004091168462269707,0.0060991598052205515,7.91254634515397e-05,258.40512086486814,10.291040420532227,10.089306831359863,10.0,0.001171875,0.0,0.9210009999999997
online,161001,162000,1000,45919,64000,0.717484375,0.014011566497618333,0.003265383363861474,0.008168340153759345,8.022736857789426e-05,249.7615711364746,10.81387996673584,10.094393730163574,10.0,0.001375,0.0,0.9230010000000003
online,162001,163000,1000,45441,64000,0.710015625,0.01783215673523955,0.0034649888754356654,0.01179498549044365,0.00010521159462031449,246.6970764312744,10.729496002197266,10.72508430480957,10.0,0.004484375,0.0,0.9250009999999999
online,163001,164000,1000,45714,64000,0.71428125,0.014263405476463958,0.003472848673176486,0.008321062345581595,6.764619316021125e-05,240.1848338317871,10.306471824645996,10.143251419067383,10.0,0.001125,0.0,0.927001
online,164001,165000,1000,45831,64000,0.716109375,0.01683615948772058,0.0034248247429786716,0.010996370223234407,8.11260059498764e-05,233.3838567352295,10.284396171569824,10.191595077514648,10.0,0.006546875,0.0,0.929001
online,165001,166000,1000,45696,64000,0.714,0.01311436208547093,0.0030376238709141036,0.0076638875075732355,7.597909473996011e-05,233.68717024230958,10.344269752502441,10.170398712158203,10.0,0.0031875,0.0,0.9310010000000002
online,166001,167000,1000,46030,64000,0.71921875,0.01299681034963578,0.0029962197109707632,0.007669316745421383,6.787880748264996e-05,226.33951110839843,10.252044677734375,10.151471138000488,10.0,0.004453125,0.0,0.933001
online,167001,168000,1000,45792,64000,0.7155,0.01799254906340502,0.003893702236426179,0.011750657449185383,9.770750287566443e-05,225.04819470214844,10.478519439697266,10.528027534484863,10.0,0.004,0.0,0.935001
online,168001,169000,1000,45499,64000,0.710921875,0.017218142000958322,0.00425175512014539,0.010596297690004575,8.687835115492959e-05,228.32108848571778,10.299551010131836,10.222089767456055,10.0,0.00628125,0.0,0.9370010000000001
online,169001,170000,1000,45694,64000,0.71396875,0.015486894523259253,0.004325623265525792,0.008829031015746296,8.751048552125606e-05,224.4729797668457,10.356907844543457,10.171821594238281,10.0,0.0031875,0.0,0.9390010000000002
online,170001,171000,1000,45649,64000,0.713265625,0.017948146614944562,0.004329365448618773,0.01131176805368159,8.983203762926096e-05,221.71810388183593,10.431802749633789,10.262523651123047,10.0,0.0031875,0.0,0.941001
online,171001,172000,1000,45558,64000,0.71184375,0.017788743080105633,0.004158694515877869,0.011351284583099187,9.325494731419326e-05,218.55091590881347,10.286815643310547,10.293169021606445,10.0,0.01015625,0.0,0.9430009999999996
online,172001,173000,1000,45643,64000,0.713171875,0.015532380064250902,0.0037443320553284137,0.00952169079578016,9.457952482515975e-05,217.1777677459717,10.238982200622559,10.203876495361328,10.589658737182617,0.004140625,3.125e-05,0.9450010000000003
online,173001,174000,1000,45401,64000,0.709390625,0.01785945231001824,0.004436902870103949,0.011121914357645438,0.00010579134651180765,219.48438314819336,10.530390739440918,10.132820129394531,10.0,0.00421875,0.0,0.9470010000000001
online,174001,175000,1000,45146,64000,0.70540625,0.020857590668136253,0.004153169168392196,0.014349838723836002,0.00010731668655832038,224.72661338806154,10.616959571838379,10.791179656982422,10.0,0.004640625,0.0,0.9490009999999998
online,175001,176000,1000,44993,64000,0.703015625,0.024228831864893437,0.004089574416575488,0.017710768983874005,0.00012376296607140346,230.47254475402832,10.33835506439209,10.237732887268066,10.0,0.001984375,0.0,0.9510010000000003
online,176001,177000,1000,44939,64000,0.702171875,0.021531359768472612,0.004493824332166696,0.014585931665205863,0.0001119425254368771,233.96612951660157,10.422540664672852,10.432344436645508,10.0,0.005703125,0.0,0.9530009999999999
online,177001,178000,1000,44842,64000,0.70065625,0.020948033485095947,0.0036666629665123764,0.014846311233646702,9.817957979254999e-05,233.68797537231444,10.378166198730469,10.155649185180664,10.0,0.001890625,0.0,0.955001
online,178001,179000,1000,44898,64000,0.70153125,0.01875046061957255,0.003356645928870421,0.012999283219571226,7.992630162551961e-05,231.4605213317871,10.685060501098633,10.14950942993164,10.0,0.00071875,0.0,0.957001
online,179001,180000,1000,44935,64000,0.702109375,0.019135798980481924,0.0033408965090929994,0.013427860697847792,9.18507891344511e-05,227.51910479736327,10.487767219543457,10.319108009338379,10.0,0.002109375,0.0,0.9590010000000001
online,180001,181000,1000,45048,64000,0.703875,0.026732643329538404,0.0037906373375153637,0.020574719589785673,0.00010775182059604304,225.95346823120119,10.463057518005371,10.477293014526367,10.0,0.009671875,0.0,0.9610010000000002
online,181001,182000,1000,44688,64000,0.69825,0.023553361009806394,0.003801601305080112,0.01734453209489584,0.00010502458077593956,230.2203129119873,10.330545425415039,10.192261695861816,10.0,0.0033125,0.0,0.9630009999999997
online,182001,183000,1000,44280,64000,0.691875,0.025115823966450988,0.0037396998513140717,0.018897591146698686,0.00012428812902400387,235.42448612976074,10.252555847167969,10.337695121765137,10.0,0.0011875,0.0,0.965001
online,183001,184000,1000,44641,64000,0.697515625,0.028431728839408605,0.0034740916116279548,0.02242101764783729,0.0001517109397125651,238.4908848876953,10.434571266174316,10.322173118591309,10.0,0.000546875,0.0,0.9670010000000003
online,184001,185000,1000,44741,64000,0.699078125,0.02392964174365625,0.0026968579565000254,0.01873235222371295,0.00013665177307623644,236.37798417663575,10.285896301269531,10.131715774536133,10.0,0.00384375,0.0,0.9690010000000001
online,185001,186000,1000,45018,64000,0.70340625,0.021282882210798562,0.0024419744225451724,0.016435253317991737,0.00010060821138378628,230.5046262512207,10.329634666442871,10.146184921264648,10.0,0.001625,0.0,0.9710009999999998
online,186001,187000,1000,44895,64000,0.701484375,0.021865226744674147,0.0024383379084756598,0.01707864920393331,9.512393829136556e-05,225.31157342529298,10.446843147277832,10.14492416381836,10.0,0.003578125,0.0,0.9730010000000002
online,187001,188000,1000,45106,64000,0.70478125,0.020874562772456556,0.00245400404992688,0.01610250497283414,0.00010948557811932602,220.8568305053711,10.31737995147705,10.2797269821167,10.0,0.005359375,0.0,0.975001
online,188001,189000,1000,44849,64000,0.700765625,0.022583882950246333,0.0029119823632063344,0.017364904783840757,0.00012735918032601035,217.96366764831544,10.382238388061523,10.279605865478516,10.0,0.0148125,0.0,0.9770009999999999
online,189001,190000,1000,44524,64000,0.6956875,0.022307851675897838,0.0032662672366132028,0.01671104061231017,9.665351429965164e-05,223.389027923584,10.317358016967773,10.413768768310547,10.0,0.0029375,0.0,0.9790009999999999
online,190001,191000,1000,44733,64000,0.698953125,0.01712264149915427,0.0031909107409301214,0.0115806686533615,9.567152772337551e-05,225.53906317138672,10.271145820617676,10.184296607971191,10.0,0.00853125,0.0,0.9810010000000002
online,191001,192000,1000,44753,64000,0.699265625,0.01976852980698459,0.003212294347118586,0.014210304430918768,9.21946049734732e-05,225.37365087890626,10.447225570678711,10.157808303833008,10.0,0.001265625,0.0,0.9830010000000002
online,192001,193000,1000,45124,64000,0.7050625,0.015849213344277815,0.0030957961711392274,0.010449300280364697,7.660318348940364e-05,222.7513807220459,10.327187538146973,10.21938705444336,10.0,0.00246875,0.0,0.9850009999999999
online,193001,194000,1000,45533,64000,0.711453125,0.011370517907897011,0.0030211708771676056,0.0061420630319044,5.408224157796582e-05,215.32018270874025,10.292423248291016,10.220298767089844,10.0,0.0040625,0.0,0.9870009999999999
online,194001,195000,1000,45665,64000,0.713515625,0.0141695903793443,0.0032254476603702643,0.008746851674717619,8.477050236484729e-05,211.2520531463623,10.289925575256348,10.200963973999023,10.0,0.007359375,0.0,0.9890010000000005
online,195001,196000,1000,45537,64000,0.711515625,0.013151940699666739,0.002885801614873344,0.008126789046043996,6.486101700967595e-05,207.44890365600585,10.256699562072754,10.128165245056152,10.0,0.0019375,0.0,0.991001
online,196001,197000,1000,45881,64000,0.716890625,0.014014483019011096,0.003341407164843986,0.008573998006002512,6.821893112710598e-05,203.08589880371093,10.21679973602295,10.252177238464355,10.0,0.00378125,0.0,0.9930009999999999
online,197001,198000,1000,45622,64000,0.71284375,0.016184489839710294,0.00351723814268189,0.010542980759055354,9.64462324876294e-05,202.78247518920898,10.31096363067627,10.14571475982666,10.0,0.0070625,0.0,0.9950010000000005
online,198001,199000,1000,45787,64000,0.715421875,0.015428238877793774,0.0033466708922351247,0.009994185165909584,8.006279016055284e-05,200.7320090637207,10.22776985168457,10.222580909729004,10.0,0.003375,0.0,0.9970009999999998
online,199001,200000,1000,45721,64000,0.714390625,0.0161188222609926,0.0029250062339706345,0.011124041140836198,7.876072145782942e-05,199.10141958618163,10.289313316345215,10.140754699707031,10.0,0.001328125,0.0,0.999001
pretrain,1,1000,1000,64000,64000,1.0,3.7085427689552306,1.5295348630733787,2.066024721711874,0.1110345831814775,194.86011071777344,14.152141571044922,10.328146934509277,10.0,0.010953125,0.0,0.6000000000000113
pretrain,1001,2000,1000,64000,64000,1.0,0.9807150219082832,0.45545928937010466,0.492909629046917,0.030268489620402534,207.76119953918456,12.033478736877441,10.07324504852295,10.0,0.00121875,0.0,0.6000000000000113
pretrain,2001,3000,1000,64000,64000,1.0,0.4307378496676683,0.1987821957860142,0.22291495679691434,0.006892021429132455,214.86763581848143,10.948286056518555,10.145401000976562,10.0,0.005578125,0.0,0.6000000000000113
pretrain,3001,4000,1000,64000,64000,1.0,0.10367384166456758,0.04452767326892353,0.05554296614229679,0.0014617929963069401,214.14093339538573,10.424775123596191,10.052931785583496,10.0,0.000125,0.0,0.6000000000000113
pretrain,4001,5000,1000,64000,64000,1.0,0.02237829267513007,0.0062221464808098976,0.013499419297557325,0.0005631187405872424,209.36082189941405,10.17945384979248,10.059471130371094,10.0,0.000828125,0.0,0.6000000000000113
pretrain,5001,6000,1000,64000,64000,1.0,0.018129296279512347,0.004317803858371917,0.011405866318615154,0.00035967692480596723,204.5949248199463,10.2076997756958,10.07907485961914,10.0,0.00075,0.0,0.6000000000000113
pretrain,6001,7000,1000,64000,64000,1.0,0.016420194183476268,0.003965995369188022,0.010322700536809861,0.00012968141496821773,200.1816921234131,10.269782066345215,10.100339889526367,10.0,0.00671875,0.0,0.6000000000000113
pretrain,7001,8000,1000,64000,64000,1.0,0.014738890563603491,0.003383736339630559,0.009313084452529439,8.243296565501624e-05,195.96368516540528,10.176010131835938,10.11467170715332,10.0,0.004234375,0.0,0.6000000000000113
pretrain,8001,9000,1000,64000,64000,1.0,0.015399788610637188,0.0035730708267656154,0.009869023024337367,3.152930299620493e-05,192.6165548553467,10.235503196716309,10.043708801269531,10.0,0.0005625,0.0,0.6000000000000113
pretrain,9001,10000,1000,64000,64000,1.0,0.014348450006917118,0.003521707943058573,0.008917996468604542,1.4429225252797551e-05,189.4316421508789,10.254268646240234,10.067230224609375,10.0,0.003703125,0.0,0.6000000000000113
pretrain,10001,11000,1000,64000,64000,1.0,0.013852140623610466,0.0034649856840842405,0.00850258618989028,2.822019289851596e-05,185.63485820007324,10.165717124938965,10.049394607543945,10.0,0.002,0.0,0.6000000000000113
pretrain,11001,12000,1000,64000,64000,1.0,0.013367040923330933,0.003014746915490832,0.008508452684851363,1.6181855142349378e-05,182.76595379638673,10.178571701049805,10.007359504699707,10.0,7.8125e-05,0.0,0.6000000000000113
pretrain,12001,13000,1000,64000,64000,1.0,0.015421708546578884,0.003397811759146862,0.010190046476433054,1.696418022402213e-05,181.68861772155762,10.233016014099121,10.059892654418945,10.0,0.004421875,0.0,0.6000000000000113
pretrain,13001,14000,1000,64000,64000,1.0,0.014846273051574826,0.0037298176591575613,0.009286030761897563,1.8515547330025582e-05,181.19091430664062,10.19322681427002,10.042863845825195,10.0,0.00125,0.0,0.6000000000000113
pretrain,14001,15000,1000,64000,64000,1.0,0.014306150890653953,0.003236975936451927,0.009230078501044773,1.923508085019421e-05,181.98614108276368,10.237789154052734,10.082744598388672,10.0,0.004140625,0.0,0.6000000000000113
pretrain,15001,16000,1000,64000,64000,1.0,0.013823463760782034,0.00329067231080262,0.008705285315634683,1.2370194875984453e-05,181.51359606933593,10.154976844787598,10.064717292785645,10.0,0.00621875,0.0,0.6000000000000113
pretrain,16001,17000,1000,64000,64000,1.0,0.012677075123414398,0.002843514844600577,0.008003048181300983,1.286929265188519e-05,181.7642851409912,10.15362548828125,10.009464263916016,10.0,7.8125e-05,0.0,0.6000000000000113
pretrain,17001,18000,1000,64000,64000,1.0,0.013945725648198277,0.0034221587071660907,0.008687424540286884,2.2150783990582567e-05,181.3991661834717,10.23874282836914,10.002245903015137,10.0,1.5625e-05,0.0,0.6000000000000113
pretrain,18001,19000,1000,64000,64000,1.0,0.014099230223800987,0.003046370881260373,0.009209761711768806,1.4972300055887899e-05,182.81253680419923,10.146477699279785,10.02573013305664,10.0,0.000703125,0.0,0.6000000000000113
pretrain,19001,20000,1000,64000,64000,1.0,0.013124054764397442,0.0028409489281475543,0.008442409120034427,8.118792771711014e-06,183.25779962158202,10.14862060546875,10.018204689025879,10.0,0.000125,0.0,0.6000000000000113
