episode,environment_steps,episode_steps,scenario_id,condition,success,collision,budget_cutoff,return,epsilon,demo_samples_cumulative,online_samples_cumulative,visible_dynamic_steps_cumulative,reference_risk_steps_cumulative,sampled_visible_dynamic_cumulative
0,300,300,static,static,0,0,0,-2.499999999999999,0.99857975,3792,11376,0,0,0
1,600,300,static,static,0,0,0,-2.2500000000000004,0.99715475,8592,25776,0,0,0
2,900,300,static,static,0,0,0,-2.7999999999999976,0.99572975,13392,40176,0,0,0
3,1200,300,static,static,0,0,0,-2.0999999999999996,0.99430475,18192,54576,0,0,0
4,1500,300,static,static,0,0,0,-2.1000000000000005,0.99287975,22992,68976,0,0,0
5,1800,300,static,static,0,0,0,-1.8500000000000014,0.99145475,27792,83376,0,0,0
6,2100,300,static,static,0,0,0,-1.4000000000000008,0.99002975,32592,97776,0,0,0
7,2400,300,static,static,0,0,0,-2.8,0.98860475,37392,112176,0,0,0
8,2700,300,static,static,0,0,0,-2.300000000000001,0.98717975,42192,126576,0,0,0
9,3000,300,static,static,0,0,0,-2.599999999999998,0.98575475,46992,140976,0,0,0
10,3300,300,static,static,0,0,0,-2.999999999999999,0.98432975,51792,155376,0,0,0
11,3600,300,static,static,0,0,0,-2.7999999999999967,0.98290475,56592,169776,0,0,0
12,3900,300,static,static,0,0,0,-2.749999999999998,0.98147975,61392,184176,0,0,0
13,4200,300,static,static,0,0,0,-3.199999999999996,0.98005475,66192,198576,0,0,0
14,4500,300,static,static,0,0,0,-2.4499999999999997,0.97862975,70992,212976,0,0,0
15,4800,300,static,static,0,0,0,-2.0000000000000018,0.97720475,75792,227376,0,0,0
16,5100,300,static,static,0,0,0,-2.4500000000000006,0.9757797500000001,80592,241776,0,0,0
17,5400,300,static,static,0,0,0,-2.15,0.97435475,85392,256176,0,0,0
18,5700,300,static,static,0,0,0,-2.4999999999999964,0.97292975,90192,270576,0,0,0
19,6000,300,static,static,0,0,0,-2.799999999999996,0.97150475,94992,284976,0,0,0
20,6300,300,static,static,0,0,0,-2.45,0.97007975,99792,299376,0,0,0
21,6600,300,static,static,0,0,0,-1.900000000000002,0.96865475,104592,313776,0,0,0
22,6900,300,static,static,0,0,0,-2.5500000000000003,0.96722975,109392,328176,0,0,0
23,7200,300,static,static,0,0,0,-1.9500000000000022,0.96580475,114192,342576,0,0,0
24,7500,300,static,static,0,0,0,-2.499999999999999,0.96437975,118992,356976,0,0,0
25,7800,300,static,static,0,0,0,-2.749999999999997,0.96295475,123792,371376,0,0,0
26,8100,300,static,static,0,0,0,-2.249999999999999,0.96152975,128592,385776,0,0,0
27,8400,300,static,static,0,0,0,-1.950000000000001,0.96010475,133392,400176,0,0,0
28,8700,300,static,static,0,0,0,-2.2499999999999982,0.95867975,138192,414576,0,0,0
29,9000,300,static,static,0,0,0,-2.7999999999999976,0.95725475,142992,428976,0,0,0
30,9300,300,static,static,0,0,0,-1.6500000000000017,0.95582975,147792,443376,0,0,0
31,9600,300,static,static,0,0,0,-2.399999999999998,0.95440475,152592,457776,0,0,0
32,9900,300,static,static,0,0,0,-2.4000000000000004,0.95297975,157392,472176,0,0,0
33,10200,300,static,static,0,0,0,-2.6499999999999995,0.95155475,162192,486576,0,0,0
34,10500,300,static,static,0,0,0,-2.8999999999999972,0.95012975,166992,500976,0,0,0
35,10800,300,static,static,0,0,0,-2.150000000000001,0.94870475,171792,515376,0,0,0
36,11100,300,static,static,0,0,0,-2.200000000000001,0.94727975,176592,529776,0,0,0
37,11400,300,static,static,0,0,0,-2.5499999999999994,0.94585475,181392,544176,0,0,0
38,11700,300,static,static,0,0,0,-2.500000000000001,0.94442975,186192,558576,0,0,0
39,12000,300,static,static,0,0,0,-1.9000000000000024,0.9430047500000001,190992,572976,0,0,0
40,12300,300,static,static,0,0,0,-2.8499999999999974,0.94157975,195792,587376,0,0,0
41,12600,300,static,static,0,0,0,-2.5500000000000007,0.94015475,200592,601776,0,0,0
42,12900,300,static,static,0,0,0,-1.9500000000000006,0.93872975,205392,616176,0,0,0
43,13200,300,static,static,0,0,0,-2.4500000000000015,0.93730475,210192,630576,0,0,0
44,13500,300,static,static,0,0,0,-2.899999999999998,0.93587975,214992,644976,0,0,0
45,13800,300,static,static,0,0,0,-2.2999999999999994,0.93445475,219792,659376,0,0,0
46,14100,300,static,static,0,0,0,-2.399999999999998,0.93302975,224592,673776,0,0,0
47,14400,300,static,static,0,0,0,-1.6500000000000012,0.93160475,229392,688176,0,0,0
48,14700,300,static,static,0,0,0,-2.05,0.93017975,234192,702576,0,0,0
49,15000,300,static,static,0,0,0,-1.9500000000000013,0.92875475,238992,716976,0,0,0
50,15300,300,static,static,0,0,0,-2.1500000000000004,0.92732975,243792,731376,0,0,0
51,15600,300,static,static,0,0,0,-2.649999999999999,0.92590475,248592,745776,0,0,0
52,15900,300,static,static,0,0,0,-1.7000000000000022,0.92447975,253392,760176,0,0,0
53,16200,300,static,static,0,0,0,-2.549999999999998,0.92305475,258192,774576,0,0,0
54,16500,300,static,static,0,0,0,-1.7000000000000015,0.92162975,262992,788976,0,0,0
55,16800,300,static,static,0,0,0,-2.400000000000001,0.92020475,267792,803376,0,0,0
56,17100,300,static,static,0,0,0,-2.2499999999999996,0.91877975,272592,817776,0,0,0
57,17400,300,static,static,0,0,0,-1.950000000000001,0.91735475,277392,832176,0,0,0
58,17700,300,static,static,0,0,0,-2.0500000000000007,0.91592975,282192,846576,0,0,0
59,18000,300,static,static,0,0,0,-2.4499999999999984,0.91450475,286992,860976,0,0,0
60,18300,300,static,static,0,0,0,-2.7999999999999985,0.91307975,291792,875376,0,0,0
61,18600,300,static,static,0,0,0,-2.050000000000001,0.9116547500000001,296592,889776,0,0,0
62,18900,300,static,static,0,0,0,-3.149999999999997,0.9102297500000001,301392,904176,0,0,0
63,19200,300,static,static,0,0,0,-2.7,0.90880475,306192,918576,0,0,0
64,19500,300,static,static,0,0,0,-1.4500000000000008,0.90737975,310992,932976,0,0,0
65,19800,300,static,static,0,0,0,-2.100000000000002,0.90595475,315792,947376,0,0,0
66,20100,300,static,static,0,0,0,-1.8500000000000014,0.90452975,320592,961776,0,0,0
67,20400,300,static,static,0,0,0,-1.4000000000000012,0.90310475,325392,976176,0,0,0
68,20700,300,static,static,0,0,0,-1.2000000000000013,0.90167975,330192,990576,0,0,0
69,21000,300,static,static,0,0,0,-1.900000000000001,0.90025475,334992,1004976,0,0,0
70,21300,300,static,static,0,0,0,-2.1500000000000004,0.89882975,339792,1019376,0,0,0
71,21600,300,static,static,0,0,0,-2.4999999999999987,0.89740475,344592,1033776,0,0,0
72,21900,300,static,static,0,0,0,-2.4499999999999997,0.89597975,349392,1048176,0,0,0
73,22200,300,static,static,0,0,0,-1.7500000000000016,0.89455475,354192,1062576,0,0,0
74,22500,300,static,static,0,0,0,-2.1000000000000005,0.8931297500000001,358992,1076976,0,0,0
75,22800,300,static,static,0,0,0,-2.1000000000000005,0.89170475,363792,1091376,0,0,0
76,23100,300,static,static,0,0,0,-1.2000000000000008,0.89027975,368592,1105776,0,0,0
77,23400,300,static,static,0,0,0,-2.2,0.88885475,373392,1120176,0,0,0
78,23700,300,static,static,0,0,0,-2.9000000000000012,0.88742975,378192,1134576,0,0,0
79,24000,300,static,static,0,0,0,-1.6500000000000015,0.88600475,382992,1148976,0,0,0
80,24300,300,static,static,0,0,0,-1.8500000000000014,0.88457975,387792,1163376,0,0,0
81,24600,300,static,static,0,0,0,-1.8500000000000016,0.88315475,392592,1177776,0,0,0
82,24900,300,static,static,0,0,0,-1.5000000000000016,0.88172975,397392,1192176,0,0,0
83,25200,300,static,static,0,0,0,-2.2000000000000006,0.88030475,402192,1206576,0,0,0
84,25500,300,static,static,0,0,0,-1.9000000000000015,0.8788797500000001,406992,1220976,0,0,0
85,25800,300,static,static,0,0,0,-1.6000000000000012,0.8774547500000001,411792,1235376,0,0,0
86,26100,300,static,static,0,0,0,-1.9000000000000008,0.87602975,416592,1249776,0,0,0
87,26400,300,static,static,0,0,0,-0.850000000000001,0.87460475,421392,1264176,0,0,0
88,26700,300,static,static,0,0,0,-1.4500000000000017,0.87317975,426192,1278576,0,0,0
89,27000,300,static,static,0,0,0,-1.450000000000001,0.87175475,430992,1292976,0,0,0
90,27300,300,static,static,0,0,0,-1.6500000000000015,0.87032975,435792,1307376,0,0,0
91,27600,300,static,static,0,0,0,-1.100000000000001,0.86890475,440592,1321776,0,0,0
92,27900,300,static,static,0,0,0,-0.5500000000000007,0.86747975,445392,1336176,0,0,0
93,28200,300,static,static,0,0,0,-1.600000000000001,0.86605475,450192,1350576,0,0,0
94,28500,300,static,static,0,0,0,-1.4000000000000021,0.86462975,454992,1364976,0,0,0
95,28800,300,static,static,0,0,0,-2.4499999999999993,0.86320475,459792,1379376,0,0,0
96,29100,300,static,static,0,0,0,-1.750000000000001,0.86177975,464592,1393776,0,0,0
97,29400,300,static,static,0,0,0,-1.5000000000000018,0.8603547500000001,469392,1408176,0,0,0
98,29700,300,static,static,0,0,0,-0.5000000000000011,0.85892975,474192,1422576,0,0,0
99,30000,300,static,static,0,0,0,-2.7999999999999994,0.85750475,478992,1436976,0,0,0
100,30300,300,static,static,0,0,0,-2.0,0.85607975,483792,1451376,0,0,0
101,30600,300,static,static,0,0,0,-1.7500000000000013,0.85465475,488592,1465776,0,0,0
102,30900,300,static,static,0,0,0,-1.8000000000000014,0.85322975,493392,1480176,0,0,0
103,31200,300,static,static,0,0,0,-2.599999999999998,0.85180475,498192,1494576,0,0,0
104,31500,300,static,static,0,0,0,-1.3000000000000014,0.85037975,502992,1508976,0,0,0
105,31800,300,static,static,0,0,0,-2.55,0.84895475,507792,1523376,0,0,0
106,32100,300,static,static,0,0,0,-1.6500000000000015,0.84752975,512592,1537776,0,0,0
107,32400,300,static,static,0,0,0,-1.9999999999999982,0.8461047500000001,517392,1552176,0,0,0
108,32700,300,static,static,0,0,0,-1.7500000000000013,0.8446797500000001,522192,1566576,0,0,0
109,33000,300,static,static,0,0,0,-1.050000000000001,0.84325475,526992,1580976,0,0,0
110,33300,300,static,static,0,0,0,-1.1000000000000014,0.84182975,531792,1595376,0,0,0
111,33600,300,static,static,0,0,0,-2.2000000000000015,0.84040475,536592,1609776,0,0,0
112,33900,300,static,static,0,0,0,-1.3500000000000012,0.83897975,541392,1624176,0,0,0
113,34200,300,static,static,0,0,0,-0.400000000000001,0.83755475,546192,1638576,0,0,0
114,34500,300,static,static,0,0,0,-2.3000000000000007,0.83612975,550992,1652976,0,0,0
115,34800,300,static,static,0,0,0,-1.450000000000001,0.83470475,555792,1667376,0,0,0
116,35100,300,static,static,0,0,0,-1.8000000000000012,0.83327975,560592,1681776,0,0,0
117,35400,300,static,static,0,0,0,-2.2,0.83185475,565392,1696176,0,0,0
118,35700,300,static,static,0,0,0,-0.9000000000000008,0.83042975,570192,1710576,0,0,0
119,36000,300,static,static,0,0,0,-1.7000000000000015,0.82900475,574992,1724976,0,0,0
120,36300,300,static,static,0,0,0,-2.1000000000000005,0.8275797500000001,579792,1739376,0,0,0
121,36600,300,static,static,0,0,0,-1.3500000000000012,0.82615475,584592,1753776,0,0,0
122,36900,300,static,static,0,0,0,-1.3500000000000014,0.82472975,589392,1768176,0,0,0
123,37200,300,static,static,0,0,0,-1.3000000000000007,0.82330475,594192,1782576,0,0,0
124,37500,300,static,static,0,0,0,-1.1000000000000012,0.82187975,598992,1796976,0,0,0
125,37800,300,static,static,0,0,0,-2.1500000000000017,0.82045475,603792,1811376,0,0,0
126,38100,300,static,static,0,0,0,-0.9000000000000011,0.81902975,608592,1825776,0,0,0
127,38400,300,static,static,0,0,0,-2.300000000000001,0.81760475,613392,1840176,0,0,0
128,38700,300,static,static,0,0,0,-1.3500000000000016,0.81617975,618192,1854576,0,0,0
129,39000,300,static,static,0,0,0,-1.8000000000000012,0.81475475,622992,1868976,0,0,0
130,39300,300,static,static,0,0,0,-2.450000000000001,0.8133297500000001,627792,1883376,0,0,0
131,39600,300,static,static,0,0,0,-1.9000000000000015,0.8119047500000001,632592,1897776,0,0,0
132,39900,300,static,static,0,0,0,-1.9000000000000015,0.81047975,637392,1912176,0,0,0
133,40200,300,static,static,0,0,0,-0.8000000000000005,0.80905475,642192,1926576,0,0,0
134,40500,300,static,static,0,0,0,-1.3000000000000018,0.80762975,646992,1940976,0,0,0
135,40800,300,static,static,0,0,0,-1.150000000000002,0.80620475,651792,1955376,0,0,0
136,41100,300,static,static,0,0,0,-1.6000000000000014,0.80477975,656592,1969776,0,0,0
137,41400,300,static,static,0,0,0,-1.1500000000000008,0.80335475,661392,1984176,0,0,0
138,41700,300,static,static,0,0,0,-2.5999999999999988,0.80192975,666192,1998576,0,0,0
139,42000,300,static,static,0,0,0,-2.4999999999999987,0.80050475,670992,2012976,0,0,0
140,42300,300,static,static,0,0,0,-1.6000000000000012,0.79907975,675792,2027376,0,0,0
141,42600,300,static,static,0,0,0,-1.1000000000000008,0.79765475,680592,2041776,0,0,0
142,42900,300,static,static,0,0,0,-2.0999999999999996,0.79622975,685392,2056176,0,0,0
143,43200,300,static,static,0,0,0,-1.700000000000002,0.79480475,690192,2070576,0,0,0
144,43500,300,static,static,0,0,0,-2.349999999999999,0.79337975,694992,2084976,0,0,0
145,43800,300,static,static,0,0,0,-1.350000000000002,0.79195475,699792,2099376,0,0,0
146,44100,300,static,static,0,0,0,-1.4500000000000013,0.79052975,704592,2113776,0,0,0
147,44400,300,static,static,0,0,0,-0.650000000000001,0.78910475,709392,2128176,0,0,0
148,44700,300,static,static,0,0,0,-1.4000000000000015,0.78767975,714192,2142576,0,0,0
149,45000,300,static,static,0,0,0,-0.5000000000000009,0.78625475,718992,2156976,0,0,0
150,45300,300,static,static,0,0,0,-1.4000000000000015,0.78482975,723792,2171376,0,0,0
151,45600,300,static,static,0,0,0,-1.2500000000000018,0.78340475,728592,2185776,0,0,0
152,45900,300,static,static,0,0,0,-0.7000000000000016,0.78197975,733392,2200176,0,0,0
153,46200,300,static,static,0,0,0,-1.8500000000000016,0.78055475,738192,2214576,0,0,0
154,46500,300,static,static,0,0,0,-1.5000000000000013,0.7791297500000001,742992,2228976,0,0,0
155,46800,300,static,static,0,0,0,-1.200000000000001,0.7777047500000001,747792,2243376,0,0,0
156,47100,300,static,static,0,0,0,-1.9000000000000015,0.77627975,752592,2257776,0,0,0
157,47400,300,static,static,0,0,0,-2.4500000000000015,0.77485475,757392,2272176,0,0,0
158,47700,300,static,static,0,0,0,-2.1500000000000012,0.77342975,762192,2286576,0,0,0
159,48000,300,static,static,0,0,0,-2.2500000000000013,0.77200475,766992,2300976,0,0,0
160,48300,300,static,static,0,0,0,-1.9500000000000006,0.77057975,771792,2315376,0,0,0
161,48600,300,static,static,0,0,0,-2.1,0.76915475,776592,2329776,0,0,0
162,48900,300,static,static,0,0,0,-1.9000000000000021,0.76772975,781392,2344176,0,0,0
163,49200,300,static,static,0,0,0,-2.2500000000000004,0.76630475,786192,2358576,0,0,0
164,49500,300,static,static,0,0,0,-2.2500000000000018,0.76487975,790992,2372976,0,0,0
165,49800,300,static,static,0,0,0,-2.25,0.76345475,795792,2387376,0,0,0
166,50100,300,static,static,0,0,0,-1.7000000000000015,0.76202975,800592,2401776,0,0,0
167,50400,300,static,static,0,0,0,-1.8000000000000016,0.7606047499999999,805392,2416176,0,0,0
168,50700,300,static,static,0,0,0,-2.349999999999999,0.7591797499999999,810192,2430576,0,0,0
169,51000,300,static,static,0,0,0,-2.2,0.7577547499999999,814992,2444976,0,0,0
170,51300,300,static,static,0,0,0,-2.3500000000000005,0.75632975,819792,2459376,0,0,0
171,51592,292,static,static,1,0,0,10.339999999999998,0.75494275,824464,2473392,0,0,0
172,51892,300,static,static,0,0,0,-2.0,0.75351775,829264,2487792,0,0,0
173,52192,300,static,static,0,0,0,-2.2,0.7520927500000001,834064,2502192,0,0,0
174,52492,300,static,static,0,0,0,-0.550000000000001,0.7506677500000001,838864,2516592,0,0,0
175,52792,300,static,static,0,0,0,-1.8000000000000018,0.7492427500000001,843664,2530992,0,0,0
176,53092,300,static,static,0,0,0,-0.5500000000000009,0.7478177500000001,848464,2545392,0,0,0
177,53392,300,static,static,0,0,0,-0.25000000000000083,0.74639275,853264,2559792,0,0,0
178,53692,300,static,static,0,0,0,-0.40000000000000085,0.74496775,858064,2574192,0,0,0
179,53992,300,static,static,0,0,0,-0.4500000000000005,0.74354275,862864,2588592,0,0,0
180,54292,300,static,static,0,0,0,-0.30000000000000143,0.74211775,867664,2602992,0,0,0
181,54592,300,static,static,0,0,0,-0.4500000000000004,0.74069275,872464,2617392,0,0,0
182,54892,300,static,static,0,0,0,0.0499999999999986,0.73926775,877264,2631792,0,0,0
183,55192,300,static,static,0,0,0,-0.30000000000000043,0.73784275,882064,2646192,0,0,0
184,55492,300,static,static,0,0,0,-0.30000000000000104,0.73641775,886864,2660592,0,0,0
185,55792,300,static,static,0,0,0,0.09999999999999865,0.73499275,891664,2674992,0,0,0
186,56051,259,static,static,1,0,0,10.669999999999998,0.7337625000000001,895808,2687424,0,0,0
187,56263,212,static,static,1,0,0,11.14,0.7327555,899200,2697600,0,0,0
188,56563,300,static,static,0,0,0,-0.20000000000000145,0.7313305,904000,2712000,0,0,0
189,56863,300,static,static,0,0,0,-0.3000000000000008,0.7299055,908800,2726400,0,0,0
190,57163,300,static,static,0,0,0,-0.5000000000000004,0.7284805000000001,913600,2740800,0,0,0
191,57463,300,static,static,0,0,0,-0.6000000000000009,0.7270555000000001,918400,2755200,0,0,0
192,57763,300,static,static,0,0,0,-2.1000000000000005,0.7256305000000001,923200,2769600,0,0,0
193,58063,300,static,static,0,0,0,-0.6500000000000007,0.7242055000000001,928000,2784000,0,0,0
194,58363,300,static,static,0,0,0,-2.2499999999999996,0.7227805,932800,2798400,0,0,0
195,58663,300,static,static,0,0,0,-0.5500000000000007,0.7213555,937600,2812800,0,0,0
196,58963,300,static,static,0,0,0,-0.20000000000000115,0.7199305,942400,2827200,0,0,0
197,59263,300,static,static,0,0,0,-0.6500000000000004,0.7185055,947200,2841600,0,0,0
198,59563,300,static,static,0,0,0,-0.5500000000000006,0.7170805,952000,2856000,0,0,0
199,59863,300,static,static,0,0,0,-1.200000000000001,0.7156555,956800,2870400,0,0,0
200,60163,300,static,static,0,0,0,-0.550000000000001,0.7142305,961600,2884800,0,0,0
201,60410,247,static,static,1,0,0,10.79,0.7130572500000001,965552,2896656,0,0,0
202,60710,300,static,static,0,0,0,-1.6500000000000015,0.7116322500000001,970352,2911056,0,0,0
203,61010,300,static,static,0,0,0,0.24999999999999833,0.7102072500000001,975152,2925456,0,0,0
204,61275,265,static,static,1,0,0,10.61,0.7089485,979392,2938176,0,0,0
205,61442,167,static,static,1,0,0,11.59,0.70815525,982064,2946192,0,0,0
206,61742,300,static,static,0,0,0,-0.5000000000000009,0.70673025,986864,2960592,0,0,0
207,62042,300,static,static,0,0,0,-0.5000000000000009,0.70530525,991664,2974992,0,0,0
208,62296,254,static,static,1,0,0,10.72,0.70409875,995728,2987184,0,0,0
209,62542,246,static,static,1,0,0,10.8,0.70293025,999664,2998992,0,0,0
210,62842,300,static,static,0,0,0,-0.20000000000000118,0.7015052500000001,1004464,3013392,0,0,0
211,63142,300,static,static,0,0,0,-0.1000000000000005,0.7000802500000001,1009264,3027792,0,0,0
212,63442,300,static,static,0,0,0,0.0999999999999992,0.6986552500000001,1014064,3042192,0,0,0
213,63704,262,static,static,1,0,0,10.639999999999999,0.69741075,1018256,3054768,0,0,0
214,63998,294,static,static,1,0,0,10.319999999999999,0.69601425,1022960,3068880,0,0,0
215,64293,295,static,static,1,0,0,10.309999999999999,0.6946129999999999,1027680,3083040,0,0,0
216,64593,300,static,static,0,0,0,0.09999999999999959,0.6931879999999999,1032480,3097440,0,0,0
217,64805,212,static,static,1,0,0,11.14,0.692181,1035872,3107616,0,0,0
218,65105,300,static,static,0,0,0,-0.8000000000000017,0.690756,1040672,3122016,0,0,0
219,65316,211,static,static,1,0,0,11.15,0.6897537499999999,1044048,3132144,0,0,0
220,65593,277,static,static,1,0,0,10.49,0.6884380000000001,1048480,3145440,0,0,0
221,65874,281,static,static,1,0,0,10.45,0.68710325,1052976,3158928,0,0,0
222,66174,300,static,static,0,0,0,-0.7000000000000013,0.68567825,1057776,3173328,0,0,0
223,66474,300,static,static,0,0,0,-1.650000000000001,0.68425325,1062576,3187728,0,0,0
224,66774,300,static,static,0,0,0,-1.5500000000000016,0.68282825,1067376,3202128,0,0,0
225,67001,227,static,static,1,0,0,10.99,0.6817500000000001,1071008,3213024,0,0,0
226,67196,195,static,static,1,0,0,11.31,0.6808237500000001,1074128,3222384,0,0,0
227,67427,231,static,static,1,0,0,10.95,0.6797265,1077824,3233472,0,0,0
228,67631,204,static,static,1,0,0,11.22,0.6787575,1081088,3243264,0,0,0
229,67887,256,static,static,1,0,0,10.7,0.6775415,1085184,3255552,0,0,0
230,68095,208,static,static,1,0,0,11.18,0.6765535,1088512,3265536,0,0,0
231,68395,300,static,static,0,0,0,-0.050000000000000926,0.6751285,1093312,3279936,0,0,0
232,68622,227,static,static,1,0,0,10.99,0.6740502500000001,1096944,3290832,0,0,0
233,68847,225,static,static,1,0,0,11.01,0.6729815,1100544,3301632,0,0,0
234,69117,270,static,static,1,0,0,10.559999999999999,0.671699,1104864,3314592,0,0,0
235,69393,276,static,static,1,0,0,10.499999999999998,0.670388,1109280,3327840,0,0,0
236,69554,161,static,static,1,0,0,11.65,0.66962325,1111856,3335568,0,0,0
237,69801,247,static,static,1,0,0,10.790000000000001,0.66845,1115808,3347424,0,0,0
238,70016,215,static,static,1,0,0,11.11,0.66742875,1119248,3357744,0,0,0
239,70290,274,static,static,1,0,0,10.52,0.66612725,1123632,3370896,0,0,0
240,70514,224,static,static,1,0,0,11.02,0.66506325,1127216,3381648,0,0,0
241,70723,209,static,static,1,0,0,11.17,0.6640705,1130560,3391680,0,0,0
242,70889,166,static,static,1,0,0,11.600000000000001,0.663282,1133216,3399648,0,0,0
243,71069,180,static,static,1,0,0,11.46,0.6624270000000001,1136096,3408288,0,0,0
244,71308,239,static,static,1,0,0,10.87,0.66129175,1139920,3419760,0,0,0
245,71481,173,static,static,1,0,0,11.530000000000001,0.66047,1142688,3428064,0,0,0
246,71694,213,static,static,1,0,0,11.13,0.65945825,1146096,3438288,0,0,0
247,71951,257,static,static,1,0,0,10.69,0.6582375,1150208,3450624,0,0,0
248,72171,220,static,static,1,0,0,11.059999999999999,0.6571925000000001,1153728,3461184,0,0,0
249,72439,268,static,static,1,0,0,10.58,0.6559195,1158016,3474048,0,0,0
250,72561,122,static,static,1,0,0,12.040000000000001,0.65534,1159968,3479904,0,0,0
251,72797,236,static,static,1,0,0,10.9,0.654219,1163744,3491232,0,0,0
252,73043,246,static,static,1,0,0,10.8,0.6530505,1167680,3503040,0,0,0
253,73257,214,static,static,1,0,0,11.12,0.652034,1171104,3513312,0,0,0
254,73502,245,static,static,1,0,0,10.81,0.65087025,1175024,3525072,0,0,0
255,73684,182,static,static,1,0,0,11.440000000000001,0.65000575,1177936,3533808,0,0,0
256,73876,192,static,static,1,0,0,11.34,0.64909375,1181008,3543024,0,0,0
257,74101,225,static,static,1,0,0,11.01,0.6480250000000001,1184608,3553824,0,0,0
258,74293,192,static,static,1,0,0,11.34,0.647113,1187680,3563040,0,0,0
259,74432,139,static,static,1,0,0,11.870000000000001,0.64645275,1189904,3569712,0,0,0
260,74591,159,static,static,1,0,0,11.670000000000002,0.6456975,1192448,3577344,0,0,0
261,74764,173,static,static,1,0,0,11.530000000000001,0.64487575,1195216,3585648,0,0,0
262,74997,233,static,static,1,0,0,10.93,0.643769,1198944,3596832,0,0,0
263,75217,220,static,static,1,0,0,11.06,0.6427240000000001,1202464,3607392,0,0,0
264,75438,221,static,static,1,0,0,11.05,0.64167425,1206000,3618000,0,0,0
265,75588,150,static,static,1,0,0,11.760000000000002,0.64096175,1208400,3625200,0,0,0
266,75879,291,static,static,1,0,0,10.35,0.6395795,1213056,3639168,0,0,0
267,76129,250,static,static,1,0,0,10.76,0.6383920000000001,1217056,3651168,0,0,0
268,76343,214,static,static,1,0,0,11.120000000000001,0.6373755000000001,1220480,3661440,0,0,0
269,76546,203,static,static,1,0,0,11.23,0.6364112500000001,1223728,3671184,0,0,0
270,76751,205,static,static,1,0,0,11.21,0.6354375000000001,1227008,3681024,0,0,0
271,76971,220,static,static,1,0,0,11.06,0.6343924999999999,1230528,3691584,0,0,0
272,77142,171,static,static,1,0,0,11.55,0.6335802500000001,1233264,3699792,0,0,0
273,77316,174,static,static,1,0,0,11.520000000000001,0.63275375,1236048,3708144,0,0,0
274,77547,231,static,static,1,0,0,10.95,0.6316565000000001,1239744,3719232,0,0,0
275,77717,170,static,static,1,0,0,11.56,0.630849,1242464,3727392,0,0,0
276,77932,215,static,static,1,0,0,11.11,0.62982775,1245904,3737712,0,0,0
277,78069,137,static,static,1,0,0,11.89,0.629177,1248096,3744288,0,0,0
278,78300,231,static,static,1,0,0,10.95,0.62807975,1251792,3755376,0,0,0
279,78520,220,static,static,1,0,0,11.06,0.62703475,1255312,3765936,0,0,0
280,78770,250,static,static,1,0,0,10.76,0.6258472500000001,1259312,3777936,0,0,0
281,78992,222,static,static,1,0,0,11.04,0.62479275,1262864,3788592,0,0,0
282,79246,254,static,static,1,0,0,10.719999999999999,0.62358625,1266928,3800784,0,0,0
283,79508,262,static,static,1,0,0,10.639999999999999,0.6223417499999999,1271120,3813360,0,0,0
284,79708,200,static,static,1,0,0,11.26,0.62139175,1274320,3822960,0,0,0
285,79863,155,static,static,1,0,0,11.71,0.6206555,1276800,3830400,0,0,0
286,80048,185,static,static,1,0,0,11.41,0.61977675,1279760,3839280,0,0,0
287,80174,126,static,static,1,0,0,12.0,0.61917825,1281776,3845328,0,0,0
288,80431,257,static,static,1,0,0,10.69,0.6179574999999999,1285888,3857664,0,0,0
289,80670,239,static,static,1,0,0,10.87,0.61682225,1289712,3869136,0,0,0
290,80826,156,static,static,1,0,0,11.700000000000001,0.61608125,1292208,3876624,0,0,0
291,80982,156,static,static,1,0,0,11.700000000000001,0.61534025,1294704,3884112,0,0,0
292,81168,186,static,static,1,0,0,11.4,0.61445675,1297680,3893040,0,0,0
293,81343,175,static,static,1,0,0,11.51,0.6136254999999999,1300480,3901440,0,0,0
294,81506,163,static,static,1,0,0,11.63,0.6128512500000001,1303088,3909264,0,0,0
295,81725,219,static,static,1,0,0,11.07,0.6118110000000001,1306592,3919776,0,0,0
296,81938,213,static,static,1,0,0,11.13,0.61079925,1310000,3930000,0,0,0
297,82172,234,static,static,1,0,0,10.92,0.60968775,1313744,3941232,0,0,0
298,82357,185,static,static,1,0,0,11.41,0.608809,1316704,3950112,0,0,0
299,82512,155,static,static,1,0,0,11.71,0.60807275,1319184,3957552,0,0,0
300,82812,300,static,static,0,0,0,0.15000000000000002,0.60664775,1323984,3971952,0,0,0
301,82962,150,static,static,1,0,0,11.760000000000002,0.60593525,1326384,3979152,0,0,0
302,83133,171,static,static,1,0,0,11.55,0.6051230000000001,1329120,3987360,0,0,0
303,83289,156,static,static,1,0,0,11.700000000000001,0.604382,1331616,3994848,0,0,0
304,83460,171,static,static,1,0,0,11.55,0.60356975,1334352,4003056,0,0,0
305,83700,240,static,static,1,0,0,10.86,0.60242975,1338192,4014576,0,0,0
306,83865,165,static,static,1,0,0,11.610000000000001,0.601646,1340832,4022496,0,0,0
307,84022,157,static,static,1,0,0,11.690000000000001,0.60090025,1343344,4030032,0,0,0
308,84242,220,static,static,1,0,0,11.06,0.5998552500000001,1346864,4040592,0,0,0
309,84417,175,static,static,1,0,0,11.51,0.599024,1349664,4048992,0,0,0
310,84613,196,static,static,1,0,0,11.3,0.598093,1352800,4058400,0,0,0
311,84770,157,static,static,1,0,0,11.690000000000001,0.59734725,1355312,4065936,0,0,0
312,84906,136,static,static,1,0,0,11.9,0.59670125,1357488,4072464,0,0,0
313,85087,181,static,static,1,0,0,11.450000000000001,0.5958415,1360384,4081152,0,0,0
314,85246,159,static,static,1,0,0,11.670000000000002,0.59508625,1362928,4088784,0,0,0
315,85423,177,static,static,1,0,0,11.49,0.5942455,1365760,4097280,0,0,0
316,85534,111,static,static,1,0,0,12.150000000000002,0.59371825,1367536,4102608,0,0,0
317,85713,179,static,static,1,0,0,11.47,0.592868,1370400,4111200,0,0,0
318,85876,163,static,static,1,0,0,11.63,0.5920937500000001,1373008,4119024,0,0,0
319,86031,155,static,static,1,0,0,11.71,0.5913575,1375488,4126464,0,0,0
320,86193,162,static,static,1,0,0,11.64,0.590588,1378080,4134240,0,0,0
321,86373,180,static,static,1,0,0,11.46,0.5897330000000001,1380960,4142880,0,0,0
322,86490,117,static,static,1,0,0,12.090000000000002,0.58917725,1382832,4148496,0,0,0
323,86654,164,static,static,1,0,0,11.620000000000001,0.58839825,1385456,4156368,0,0,0
324,86823,169,static,static,1,0,0,11.57,0.5875955,1388160,4164480,0,0,0
325,87027,204,static,static,1,0,0,11.22,0.5866264999999999,1391424,4174272,0,0,0
326,87215,188,static,static,1,0,0,11.38,0.5857335,1394432,4183296,0,0,0
327,87387,172,static,static,1,0,0,11.540000000000001,0.5849165000000001,1397184,4191552,0,0,0
328,87523,136,static,static,1,0,0,11.9,0.5842705,1399360,4198080,0,0,0
329,87714,191,static,static,1,0,0,11.35,0.5833632500000001,1402416,4207248,0,0,0
330,87980,266,static,static,1,0,0,10.6,0.58209975,1406672,4220016,0,0,0
331,88166,186,static,static,1,0,0,11.4,0.58121625,1409648,4228944,0,0,0
332,88323,157,static,static,1,0,0,11.690000000000001,0.5804705,1412160,4236480,0,0,0
333,88499,176,static,static,1,0,0,11.5,0.5796345,1414976,4244928,0,0,0
334,88688,189,static,static,1,0,0,11.370000000000001,0.57873675,1418000,4254000,0,0,0
335,88859,171,static,static,1,0,0,11.55,0.5779245,1420736,4262208,0,0,0
336,89009,150,static,static,1,0,0,11.760000000000002,0.5772120000000001,1423136,4269408,0,0,0
337,89197,188,static,static,1,0,0,11.38,0.576319,1426144,4278432,0,0,0
338,89375,178,static,static,1,0,0,11.48,0.5754735,1428992,4286976,0,0,0
339,89504,129,static,static,1,0,0,11.97,0.57486075,1431056,4293168,0,0,0
340,89639,135,static,static,1,0,0,11.91,0.5742195000000001,1433216,4299648,0,0,0
341,89794,155,static,static,1,0,0,11.71,0.57348325,1435696,4307088,0,0,0
342,89937,143,static,static,1,0,0,11.830000000000002,0.572804,1437984,4313952,0,0,0
