episode,environment_steps,episode_steps,scenario_id,condition,success,collision,budget_cutoff,return,epsilon,demo_samples_cumulative,online_samples_cumulative,visible_dynamic_steps_cumulative,reference_risk_steps_cumulative,sampled_visible_dynamic_cumulative,risk_samples_cumulative,risk_buffer_size,risk_coverage_count,handover_progress
0,300,300,static,static,0,0,0,-2.1999999999999993,0.99857975,3792,11376,0,0,0,0,0,0,0.0
1,600,300,static,static,0,0,0,-1.8500000000000016,0.99715475,8592,25776,0,0,0,0,0,0,0.0
2,900,300,static,static,0,0,0,-2.4999999999999982,0.99572975,13392,40176,0,0,0,0,0,0,0.0
3,1200,300,static,static,0,0,0,-1.7000000000000013,0.99430475,18192,54576,0,0,0,0,0,0,0.0
4,1500,300,static,static,0,0,0,-2.999999999999998,0.99287975,22992,68976,0,0,0,0,0,0,0.0
5,1800,300,static,static,0,0,0,-1.7000000000000013,0.99145475,27792,83376,0,0,0,0,0,0,0.0
6,2100,300,static,static,0,0,0,-1.6500000000000015,0.99002975,32592,97776,0,0,0,0,0,0,0.0
7,2400,300,static,static,0,0,0,-2.2500000000000004,0.98860475,37392,112176,0,0,0,0,0,0,0.0
8,2700,300,static,static,0,0,0,-3.1,0.98717975,42192,126576,0,0,0,0,0,0,0.0
9,3000,300,static,static,0,0,0,-2.8499999999999974,0.98575475,46992,140976,0,0,0,0,0,0,0.0
10,3300,300,static,static,0,0,0,-2.9000000000000004,0.98432975,51792,155376,0,0,0,0,0,0,0.0
11,3600,300,static,static,0,0,0,-3.149999999999998,0.98290475,56592,169776,0,0,0,0,0,0,0.0
12,3900,300,static,static,0,0,0,-2.75,0.98147975,61392,184176,0,0,0,0,0,0,0.0
13,4200,300,static,static,0,0,0,-1.7000000000000013,0.98005475,66192,198576,0,0,0,0,0,0,0.0
14,4500,300,static,static,0,0,0,-2.899999999999999,0.97862975,70992,212976,0,0,0,0,0,0,0.0
15,4800,300,static,static,0,0,0,-1.7500000000000016,0.97720475,75792,227376,0,0,0,0,0,0,0.0
16,5100,300,static,static,0,0,0,-2.599999999999998,0.9757797500000001,80592,241776,0,0,0,0,0,0,0.0
17,5400,300,static,static,0,0,0,-2.8999999999999995,0.97435475,85392,256176,0,0,0,0,0,0,0.0
18,5700,300,static,static,0,0,0,-2.349999999999998,0.97292975,90192,270576,0,0,0,0,0,0,0.0
19,6000,300,static,static,0,0,0,-1.6500000000000012,0.97150475,94992,284976,0,0,0,0,0,0,0.0
20,6300,300,static,static,0,0,0,-2.7000000000000006,0.97007975,99792,299376,0,0,0,0,0,0,0.0
21,6600,300,static,static,0,0,0,-2.7499999999999987,0.96865475,104592,313776,0,0,0,0,0,0,0.0
22,6900,300,static,static,0,0,0,-2.45,0.96722975,109392,328176,0,0,0,0,0,0,0.0
23,7200,300,static,static,0,0,0,-2.499999999999998,0.96580475,114192,342576,0,0,0,0,0,0,0.0
24,7500,300,static,static,0,0,0,-2.6499999999999986,0.96437975,118992,356976,0,0,0,0,0,0,0.0
25,7800,300,static,static,0,0,0,-2.799999999999995,0.96295475,123792,371376,0,0,0,0,0,0,0.0
26,8100,300,static,static,0,0,0,-2.9000000000000017,0.96152975,128592,385776,0,0,0,0,0,0,0.0
27,8400,300,static,static,0,0,0,-2.1500000000000017,0.96010475,133392,400176,0,0,0,0,0,0,0.0
28,8700,300,static,static,0,0,0,-1.200000000000001,0.95867975,138192,414576,0,0,0,0,0,0,0.0
29,9000,300,static,static,0,0,0,-2.6499999999999977,0.95725475,142992,428976,0,0,0,0,0,0,0.0
30,9300,300,static,static,0,0,0,-1.6500000000000015,0.95582975,147792,443376,0,0,0,0,0,0,0.0
31,9600,300,static,static,0,0,0,-2.449999999999998,0.95440475,152592,457776,0,0,0,0,0,0,0.0
32,9900,300,static,static,0,0,0,-2.9499999999999993,0.95297975,157392,472176,0,0,0,0,0,0,0.0
33,10200,300,static,static,0,0,0,-2.1500000000000017,0.95155475,162192,486576,0,0,0,0,0,0,0.0
34,10500,300,static,static,0,0,0,-1.8999999999999997,0.95012975,166992,500976,0,0,0,0,0,0,0.0
35,10800,300,static,static,0,0,0,-1.350000000000001,0.94870475,171792,515376,0,0,0,0,0,0,0.0
36,11100,300,static,static,0,0,0,-2.399999999999999,0.94727975,176592,529776,0,0,0,0,0,0,0.0
37,11400,300,static,static,0,0,0,-2.2,0.94585475,181392,544176,0,0,0,0,0,0,0.0
38,11700,300,static,static,0,0,0,-2.5,0.94442975,186192,558576,0,0,0,0,0,0,0.0
39,12000,300,static,static,0,0,0,-1.6500000000000015,0.9430047500000001,190992,572976,0,0,0,0,0,0,0.0
40,12300,300,static,static,0,0,0,-1.450000000000001,0.94157975,195792,587376,0,0,0,0,0,0,0.0
41,12600,300,static,static,0,0,0,-1.9000000000000008,0.94015475,200592,601776,0,0,0,0,0,0,0.0
42,12900,300,static,static,0,0,0,-2.449999999999998,0.93872975,205392,616176,0,0,0,0,0,0,0.0
43,13200,300,static,static,0,0,0,-0.850000000000001,0.93730475,210192,630576,0,0,0,0,0,0,0.0
44,13500,300,static,static,0,0,0,-1.5500000000000014,0.93587975,214992,644976,0,0,0,0,0,0,0.0
45,13800,300,static,static,0,0,0,-1.8500000000000014,0.93445475,219792,659376,0,0,0,0,0,0,0.0
46,14100,300,static,static,0,0,0,-1.8500000000000016,0.93302975,224592,673776,0,0,0,0,0,0,0.0
47,14400,300,static,static,0,0,0,-0.5500000000000005,0.93160475,229392,688176,0,0,0,0,0,0,0.0
48,14700,300,static,static,0,0,0,-1.9000000000000017,0.93017975,234192,702576,0,0,0,0,0,0,0.0
49,15000,300,static,static,0,0,0,-1.8500000000000014,0.92875475,238992,716976,0,0,0,0,0,0,0.0
50,15300,300,static,static,0,0,0,-2.499999999999998,0.92732975,243792,731376,0,0,0,0,0,0,0.0
51,15600,300,static,static,0,0,0,-2.200000000000001,0.92590475,248592,745776,0,0,0,0,0,0,0.0
52,15900,300,static,static,0,0,0,-1.5000000000000016,0.92447975,253392,760176,0,0,0,0,0,0,0.0
53,16200,300,static,static,0,0,0,-2.2499999999999996,0.92305475,258192,774576,0,0,0,0,0,0,0.0
54,16500,300,static,static,0,0,0,-1.95,0.92162975,262992,788976,0,0,0,0,0,0,0.0
55,16800,300,static,static,0,0,0,-2.7,0.92020475,267792,803376,0,0,0,0,0,0,0.0
56,17100,300,static,static,0,0,0,-2.05,0.91877975,272592,817776,0,0,0,0,0,0,0.0
57,17400,300,static,static,0,0,0,-2.1499999999999995,0.91735475,277392,832176,0,0,0,0,0,0,0.0
58,17700,300,static,static,0,0,0,-1.9999999999999987,0.91592975,282192,846576,0,0,0,0,0,0,0.0
59,18000,300,static,static,0,0,0,-1.8000000000000012,0.91450475,286992,860976,0,0,0,0,0,0,0.0
60,18300,300,static,static,0,0,0,-2.599999999999998,0.91307975,291792,875376,0,0,0,0,0,0,0.0
61,18600,300,static,static,0,0,0,-1.7500000000000013,0.9116547500000001,296592,889776,0,0,0,0,0,0,0.0
62,18900,300,static,static,0,0,0,-1.7500000000000016,0.9102297500000001,301392,904176,0,0,0,0,0,0,0.0
63,19200,300,static,static,0,0,0,-1.200000000000001,0.90880475,306192,918576,0,0,0,0,0,0,0.0
64,19500,300,static,static,0,0,0,-1.8000000000000016,0.90737975,310992,932976,0,0,0,0,0,0,0.0
65,19800,300,static,static,0,0,0,-1.7500000000000013,0.90595475,315792,947376,0,0,0,0,0,0,0.0
66,20100,300,static,static,0,0,0,-1.3500000000000014,0.90452975,320592,961776,0,0,0,0,0,0,0.0
67,20400,300,static,static,0,0,0,-2.450000000000001,0.90310475,325392,976176,0,0,0,0,0,0,0.0
68,20700,300,static,static,0,0,0,-1.1000000000000012,0.90167975,330192,990576,0,0,0,0,0,0,0.0
69,21000,300,static,static,0,0,0,-1.700000000000002,0.90025475,334992,1004976,0,0,0,0,0,0,0.0
70,21300,300,static,static,0,0,0,-1.8000000000000016,0.89882975,339792,1019376,0,0,0,0,0,0,0.0
71,21600,300,static,static,0,0,0,-2.2500000000000013,0.89740475,344592,1033776,0,0,0,0,0,0,0.0
72,21900,300,static,static,0,0,0,-1.3000000000000016,0.89597975,349392,1048176,0,0,0,0,0,0,0.0
73,22200,300,static,static,0,0,0,-1.450000000000001,0.89455475,354192,1062576,0,0,0,0,0,0,0.0
74,22500,300,static,static,0,0,0,-1.9500000000000017,0.8931297500000001,358992,1076976,0,0,0,0,0,0,0.0
75,22800,300,static,static,0,0,0,-1.5000000000000016,0.89170475,363792,1091376,0,0,0,0,0,0,0.0
76,23100,300,static,static,0,0,0,-2.2000000000000006,0.89027975,368592,1105776,0,0,0,0,0,0,0.0
77,23400,300,static,static,0,0,0,-1.4500000000000015,0.88885475,373392,1120176,0,0,0,0,0,0,0.0
78,23700,300,static,static,0,0,0,-1.9500000000000022,0.88742975,378192,1134576,0,0,0,0,0,0,0.0
79,24000,300,static,static,0,0,0,-1.6000000000000014,0.88600475,382992,1148976,0,0,0,0,0,0,0.0
80,24300,300,static,static,0,0,0,-2.100000000000001,0.88457975,387792,1163376,0,0,0,0,0,0,0.0
81,24600,300,static,static,0,0,0,-2.25,0.88315475,392592,1177776,0,0,0,0,0,0,0.0
82,24900,300,static,static,0,0,0,-1.9500000000000015,0.88172975,397392,1192176,0,0,0,0,0,0,0.0
83,25200,300,static,static,0,0,0,-2.0500000000000016,0.88030475,402192,1206576,0,0,0,0,0,0,0.0
84,25500,300,static,static,0,0,0,-1.2500000000000013,0.8788797500000001,406992,1220976,0,0,0,0,0,0,0.0
85,25800,300,static,static,0,0,0,-2.2000000000000006,0.8774547500000001,411792,1235376,0,0,0,0,0,0,0.0
86,26100,300,static,static,0,0,0,-2.000000000000001,0.87602975,416592,1249776,0,0,0,0,0,0,0.0
87,26400,300,static,static,0,0,0,-1.6500000000000015,0.87460475,421392,1264176,0,0,0,0,0,0,0.0
88,26700,300,static,static,0,0,0,-1.8500000000000016,0.87317975,426192,1278576,0,0,0,0,0,0,0.0
89,27000,300,static,static,0,0,0,-1.7000000000000015,0.87175475,430992,1292976,0,0,0,0,0,0,0.0
90,27300,300,static,static,0,0,0,-1.1500000000000015,0.87032975,435792,1307376,0,0,0,0,0,0,0.0
91,27600,300,static,static,0,0,0,-1.85,0.86890475,440592,1321776,0,0,0,0,0,0,0.0
92,27900,300,static,static,0,0,0,-1.2500000000000024,0.86747975,445392,1336176,0,0,0,0,0,0,0.0
93,28200,300,static,static,0,0,0,-2.100000000000001,0.86605475,450192,1350576,0,0,0,0,0,0,0.0
94,28500,300,static,static,0,0,0,-1.350000000000001,0.86462975,454992,1364976,0,0,0,0,0,0,0.0
95,28800,300,static,static,0,0,0,-2.1,0.86320475,459792,1379376,0,0,0,0,0,0,0.0
96,29100,300,static,static,0,0,0,-1.5500000000000012,0.86177975,464592,1393776,0,0,0,0,0,0,0.0
97,29400,300,static,static,0,0,0,-1.2000000000000008,0.8603547500000001,469392,1408176,0,0,0,0,0,0,0.0
98,29700,300,static,static,0,0,0,-1.7000000000000008,0.85892975,474192,1422576,0,0,0,0,0,0,0.0
99,30000,300,static,static,0,0,0,-1.250000000000001,0.85750475,478992,1436976,0,0,0,0,0,0,0.0
100,30300,300,static,static,0,0,0,-2.0500000000000007,0.85607975,483792,1451376,0,0,0,0,0,0,0.0
101,30600,300,static,static,0,0,0,-2.299999999999998,0.85465475,488592,1465776,0,0,0,0,0,0,0.0
102,30873,273,static,static,1,0,0,10.53,0.8533580000000001,492960,1478880,0,0,0,0,0,0,0.0
103,31173,300,static,static,0,0,0,-2.2999999999999994,0.851933,497760,1493280,0,0,0,0,0,0,0.0
104,31473,300,static,static,0,0,0,-2.700000000000001,0.850508,502560,1507680,0,0,0,0,0,0,0.0
105,31773,300,static,static,0,0,0,-2.5999999999999983,0.849083,507360,1522080,0,0,0,0,0,0,0.0
106,32073,300,static,static,0,0,0,-2.6499999999999986,0.847658,512160,1536480,0,0,0,0,0,0,0.0
107,32373,300,static,static,0,0,0,-1.0000000000000009,0.846233,516960,1550880,0,0,0,0,0,0,0.0
108,32673,300,static,static,0,0,0,-1.5000000000000016,0.844808,521760,1565280,0,0,0,0,0,0,0.0
109,32973,300,static,static,0,0,0,-1.3500000000000016,0.843383,526560,1579680,0,0,0,0,0,0,0.0
110,33273,300,static,static,0,0,0,-1.300000000000001,0.841958,531360,1594080,0,0,0,0,0,0,0.0
111,33573,300,static,static,0,0,0,-1.2500000000000009,0.840533,536160,1608480,0,0,0,0,0,0,0.0
112,33873,300,static,static,0,0,0,-1.1500000000000012,0.839108,540960,1622880,0,0,0,0,0,0,0.0
113,34173,300,static,static,0,0,0,-1.1000000000000014,0.837683,545760,1637280,0,0,0,0,0,0,0.0
114,34473,300,static,static,0,0,0,-0.900000000000001,0.836258,550560,1651680,0,0,0,0,0,0,0.0
115,34773,300,static,static,0,0,0,-1.2000000000000013,0.834833,555360,1666080,0,0,0,0,0,0,0.0
116,35073,300,static,static,0,0,0,-2.2500000000000018,0.833408,560160,1680480,0,0,0,0,0,0,0.0
117,35373,300,static,static,0,0,0,-0.9500000000000004,0.831983,564960,1694880,0,0,0,0,0,0,0.0
118,35673,300,static,static,0,0,0,-1.0500000000000012,0.830558,569760,1709280,0,0,0,0,0,0,0.0
119,35973,300,static,static,0,0,0,-1.300000000000001,0.829133,574560,1723680,0,0,0,0,0,0,0.0
120,36273,300,static,static,0,0,0,-1.250000000000001,0.827708,579360,1738080,0,0,0,0,0,0,0.0
121,36573,300,static,static,0,0,0,-1.2000000000000013,0.826283,584160,1752480,0,0,0,0,0,0,0.0
122,36873,300,static,static,0,0,0,-1.2000000000000017,0.824858,588960,1766880,0,0,0,0,0,0,0.0
123,37173,300,static,static,0,0,0,-0.9500000000000011,0.823433,593760,1781280,0,0,0,0,0,0,0.0
124,37473,300,static,static,0,0,0,-1.3000000000000007,0.8220080000000001,598560,1795680,0,0,0,0,0,0,0.0
125,37773,300,static,static,0,0,0,-0.7000000000000002,0.8205830000000001,603360,1810080,0,0,0,0,0,0,0.0
126,38073,300,static,static,0,0,0,-1.3000000000000012,0.819158,608160,1824480,0,0,0,0,0,0,0.0
127,38373,300,static,static,0,0,0,-1.3000000000000012,0.817733,612960,1838880,0,0,0,0,0,0,0.0
128,38673,300,static,static,0,0,0,-1.5000000000000013,0.816308,617760,1853280,0,0,0,0,0,0,0.0
129,38973,300,static,static,0,0,0,-1.000000000000001,0.814883,622560,1867680,0,0,0,0,0,0,0.0
130,39273,300,static,static,0,0,0,-1.4500000000000015,0.813458,627360,1882080,0,0,0,0,0,0,0.0
131,39573,300,static,static,0,0,0,-1.4500000000000013,0.812033,632160,1896480,0,0,0,0,0,0,0.0
132,39873,300,static,static,0,0,0,-1.2000000000000017,0.810608,636960,1910880,0,0,0,0,0,0,0.0
133,40173,300,static,static,0,0,0,-1.8000000000000007,0.809183,641760,1925280,0,0,0,0,0,0,0.0
134,40473,300,static,static,0,0,0,-1.4500000000000022,0.807758,646560,1939680,0,0,0,0,0,0,0.0
135,40773,300,static,static,0,0,0,-0.750000000000001,0.806333,651360,1954080,0,0,0,0,0,0,0.0
136,41073,300,static,static,0,0,0,-1.150000000000001,0.804908,656160,1968480,0,0,0,0,0,0,0.0
137,41373,300,static,static,0,0,0,-2.699999999999999,0.8034830000000001,660960,1982880,0,0,0,0,0,0,0.0
138,41673,300,static,static,0,0,0,-1.000000000000001,0.802058,665760,1997280,0,0,0,0,0,0,0.0
139,41973,300,static,static,0,0,0,-2.1500000000000017,0.800633,670560,2011680,0,0,0,0,0,0,0.0
140,42273,300,static,static,0,0,0,-1.350000000000002,0.799208,675360,2026080,0,0,0,0,0,0,0.0
141,42573,300,static,static,0,0,0,-2.7999999999999994,0.797783,680160,2040480,0,0,0,0,0,0,0.0
142,42873,300,static,static,0,0,0,0.04999999999999913,0.796358,684960,2054880,0,0,0,0,0,0,0.0
143,43173,300,static,static,0,0,0,-1.2000000000000013,0.794933,689760,2069280,0,0,0,0,0,0,0.0
144,43473,300,static,static,0,0,0,-0.4000000000000008,0.793508,694560,2083680,0,0,0,0,0,0,0.0
145,43773,300,static,static,0,0,0,-0.4000000000000009,0.792083,699360,2098080,0,0,0,0,0,0,0.0
146,44073,300,static,static,0,0,0,-0.9000000000000014,0.790658,704160,2112480,0,0,0,0,0,0,0.0
147,44373,300,static,static,0,0,0,-1.3000000000000012,0.7892330000000001,708960,2126880,0,0,0,0,0,0,0.0
148,44673,300,static,static,0,0,0,-0.9500000000000006,0.7878080000000001,713760,2141280,0,0,0,0,0,0,0.0
149,44973,300,static,static,0,0,0,-1.9500000000000015,0.786383,718560,2155680,0,0,0,0,0,0,0.0
150,45273,300,static,static,0,0,0,-1.3500000000000012,0.784958,723360,2170080,0,0,0,0,0,0,0.0
151,45573,300,static,static,0,0,0,-1.000000000000001,0.783533,728160,2184480,0,0,0,0,0,0,0.0
152,45873,300,static,static,0,0,0,-1.250000000000001,0.782108,732960,2198880,0,0,0,0,0,0,0.0
153,46173,300,static,static,0,0,0,-1.2500000000000013,0.780683,737760,2213280,0,0,0,0,0,0,0.0
154,46473,300,static,static,0,0,0,-1.200000000000001,0.779258,742560,2227680,0,0,0,0,0,0,0.0
155,46773,300,static,static,0,0,0,-1.100000000000001,0.777833,747360,2242080,0,0,0,0,0,0,0.0
156,47073,300,static,static,0,0,0,-1.2000000000000013,0.776408,752160,2256480,0,0,0,0,0,0,0.0
157,47373,300,static,static,0,0,0,-1.3500000000000012,0.774983,756960,2270880,0,0,0,0,0,0,0.0
158,47673,300,static,static,0,0,0,-1.3500000000000012,0.773558,761760,2285280,0,0,0,0,0,0,0.0
159,47973,300,static,static,0,0,0,-1.7500000000000013,0.772133,766560,2299680,0,0,0,0,0,0,0.0
160,48273,300,static,static,0,0,0,-1.150000000000002,0.7707080000000001,771360,2314080,0,0,0,0,0,0,0.0
161,48573,300,static,static,0,0,0,-1.2000000000000015,0.769283,776160,2328480,0,0,0,0,0,0,0.0
162,48873,300,static,static,0,0,0,-1.900000000000002,0.767858,780960,2342880,0,0,0,0,0,0,0.0
163,49173,300,static,static,0,0,0,-1.3500000000000014,0.766433,785760,2357280,0,0,0,0,0,0,0.0
164,49473,300,static,static,0,0,0,-2.050000000000001,0.765008,790560,2371680,0,0,0,0,0,0,0.0
165,49773,300,static,static,0,0,0,-2.100000000000001,0.763583,795360,2386080,0,0,0,0,0,0,0.0
166,50073,300,static,static,0,0,0,-1.4500000000000006,0.762158,800160,2400480,0,0,0,0,0,0,0.0
167,50373,300,static,static,0,0,0,-1.5000000000000013,0.7607330000000001,804960,2414880,0,0,0,0,0,0,0.0
168,50673,300,static,static,0,0,0,-1.700000000000001,0.7593080000000001,809760,2429280,0,0,0,0,0,0,0.0
169,50973,300,static,static,0,0,0,-1.9000000000000017,0.7578830000000001,814560,2443680,0,0,0,0,0,0,0.0
170,51273,300,static,static,0,0,0,-1.0000000000000009,0.7564580000000001,819360,2458080,0,0,0,0,0,0,0.0
171,51573,300,static,static,0,0,0,-0.6500000000000014,0.7550330000000001,824160,2472480,0,0,0,0,0,0,0.0
172,51873,300,static,static,0,0,0,-2.0000000000000018,0.7536080000000001,828960,2486880,0,0,0,0,0,0,0.0
173,52173,300,static,static,0,0,0,-1.900000000000001,0.752183,833760,2501280,0,0,0,0,0,0,0.0
174,52473,300,static,static,0,0,0,-1.150000000000001,0.750758,838560,2515680,0,0,0,0,0,0,0.0
175,52773,300,static,static,0,0,0,-0.6000000000000013,0.749333,843360,2530080,0,0,0,0,0,0,0.0
176,53073,300,static,static,0,0,0,0.19999999999999962,0.747908,848160,2544480,0,0,0,0,0,0,0.0
177,53373,300,static,static,0,0,0,-1.9000000000000015,0.746483,852960,2558880,0,0,0,0,0,0,0.0
178,53673,300,static,static,0,0,0,-1.6500000000000015,0.745058,857760,2573280,0,0,0,0,0,0,0.0
179,53973,300,static,static,0,0,0,-8.465450562766819e-16,0.743633,862560,2587680,0,0,0,0,0,0,0.0
180,54273,300,static,static,0,0,0,-2.150000000000001,0.742208,867360,2602080,0,0,0,0,0,0,0.0
181,54573,300,static,static,0,0,0,-2.050000000000001,0.740783,872160,2616480,0,0,0,0,0,0,0.0
182,54873,300,static,static,0,0,0,-2.1500000000000004,0.739358,876960,2630880,0,0,0,0,0,0,0.0
183,55173,300,static,static,0,0,0,-1.8500000000000012,0.737933,881760,2645280,0,0,0,0,0,0,0.0
184,55473,300,static,static,0,0,0,-1.1500000000000012,0.7365079999999999,886560,2659680,0,0,0,0,0,0,0.0
185,55773,300,static,static,0,0,0,-1.450000000000001,0.735083,891360,2674080,0,0,0,0,0,0,0.0
186,56073,300,static,static,0,0,0,-0.5500000000000005,0.733658,896160,2688480,0,0,0,0,0,0,0.0
187,56373,300,static,static,0,0,0,-1.7000000000000015,0.732233,900960,2702880,0,0,0,0,0,0,0.0
188,56673,300,static,static,0,0,0,-1.350000000000001,0.730808,905760,2717280,0,0,0,0,0,0,0.0
189,56973,300,static,static,0,0,0,0.09999999999999944,0.729383,910560,2731680,0,0,0,0,0,0,0.0
190,57273,300,static,static,0,0,0,-0.5000000000000013,0.727958,915360,2746080,0,0,0,0,0,0,0.0
191,57573,300,static,static,0,0,0,-1.200000000000001,0.726533,920160,2760480,0,0,0,0,0,0,0.0
192,57873,300,static,static,0,0,0,-1.1500000000000015,0.7251080000000001,924960,2774880,0,0,0,0,0,0,0.0
193,58173,300,static,static,0,0,0,-1.0500000000000012,0.7236830000000001,929760,2789280,0,0,0,0,0,0,0.0
194,58473,300,static,static,0,0,0,-0.40000000000000097,0.7222580000000001,934560,2803680,0,0,0,0,0,0,0.0
195,58773,300,static,static,0,0,0,-1.0000000000000004,0.7208330000000001,939360,2818080,0,0,0,0,0,0,0.0
196,59073,300,static,static,0,0,0,-0.20000000000000107,0.719408,944160,2832480,0,0,0,0,0,0,0.0
197,59373,300,static,static,0,0,0,-1.000000000000001,0.717983,948960,2846880,0,0,0,0,0,0,0.0
198,59673,300,static,static,0,0,0,-0.8500000000000011,0.716558,953760,2861280,0,0,0,0,0,0,0.0
199,59973,300,static,static,0,0,0,0.04999999999999923,0.715133,958560,2875680,0,0,0,0,0,0,0.0
200,60249,276,static,static,1,0,0,10.5,0.713822,962976,2888928,0,0,0,0,0,0,0.0
201,60549,300,static,static,0,0,0,0.24999999999999867,0.712397,967776,2903328,0,0,0,0,0,0,0.0
202,60849,300,static,static,0,0,0,0.19999999999999993,0.7109719999999999,972576,2917728,0,0,0,0,0,0,0.0
203,61063,214,static,static,1,0,0,11.12,0.7099555,976000,2928000,0,0,0,0,0,0,0.0
204,61363,300,static,static,0,0,0,-0.4500000000000005,0.7085305,980800,2942400,0,0,0,0,0,0,0.0
205,61604,241,static,static,1,0,0,10.85,0.70738575,984656,2953968,0,0,0,0,0,0,0.0
206,61904,300,static,static,0,0,0,-1.5500000000000016,0.70596075,989456,2968368,0,0,0,0,0,0,0.0
207,62204,300,static,static,0,0,0,0.1499999999999991,0.70453575,994256,2982768,0,0,0,0,0,0,0.0
208,62504,300,static,static,0,0,0,-1.5000000000000009,0.70311075,999056,2997168,0,0,0,0,0,0,0.0
209,62804,300,static,static,0,0,0,-1.0500000000000012,0.70168575,1003856,3011568,0,0,0,0,0,0,0.0
210,63062,258,static,static,1,0,0,10.68,0.70046025,1007984,3023952,0,0,0,0,0,0,0.0
211,63362,300,static,static,0,0,0,-1.1500000000000017,0.69903525,1012784,3038352,0,0,0,0,0,0,0.0
212,63639,277,static,static,1,0,0,10.489999999999998,0.6977195,1017216,3051648,0,0,0,0,0,0,0.0
213,63853,214,static,static,1,0,0,11.12,0.6967030000000001,1020640,3061920,0,0,0,0,0,0,0.0
214,64153,300,static,static,0,0,0,-1.2500000000000009,0.6952780000000001,1025440,3076320,0,0,0,0,0,0,0.0
215,64334,181,static,static,1,0,0,11.450000000000001,0.69441825,1028336,3085008,0,0,0,0,0,0,0.0
216,64634,300,static,static,0,0,0,-0.9500000000000012,0.69299325,1033136,3099408,0,0,0,0,0,0,0.0
217,64934,300,static,static,0,0,0,-0.05000000000000033,0.69156825,1037936,3113808,0,0,0,0,0,0,0.0
218,65234,300,static,static,0,0,0,-0.30000000000000115,0.69014325,1042736,3128208,0,0,0,0,0,0,0.0
219,65534,300,static,static,0,0,0,-0.8500000000000009,0.68871825,1047536,3142608,0,0,0,0,0,0,0.0
220,65834,300,static,static,0,0,0,-1.1500000000000012,0.68729325,1052336,3157008,0,0,0,0,0,0,0.0
221,66122,288,static,static,1,0,0,10.379999999999999,0.68592525,1056944,3170832,0,0,0,0,0,0,0.0
222,66376,254,static,static,1,0,0,10.719999999999999,0.68471875,1061008,3183024,0,0,0,0,0,0,0.0
223,66676,300,static,static,0,0,0,-1.7000000000000015,0.68329375,1065808,3197424,0,0,0,0,0,0,0.0
224,66838,162,static,static,1,0,0,11.64,0.6825242499999999,1068400,3205200,0,0,0,0,0,0,0.0
225,67110,272,static,static,1,0,0,10.54,0.6812322500000001,1072752,3218256,0,0,0,0,0,0,0.0
226,67348,238,static,static,1,0,0,10.879999999999999,0.68010175,1076560,3229680,0,0,0,0,0,0,0.0
227,67617,269,static,static,1,0,0,10.569999999999999,0.6788240000000001,1080864,3242592,0,0,0,0,0,0,0.0
228,67917,300,static,static,0,0,0,-0.30000000000000016,0.6773990000000001,1085664,3256992,0,0,0,0,0,0,0.0
229,68114,197,static,static,1,0,0,11.290000000000001,0.6764632500000001,1088816,3266448,0,0,0,0,0,0,0.0
230,68414,300,static,static,0,0,0,-0.9500000000000006,0.6750382500000001,1093616,3280848,0,0,0,0,0,0,0.0
231,68679,265,static,static,1,0,0,10.61,0.6737795,1097856,3293568,0,0,0,0,0,0,0.0
232,68824,145,static,static,1,0,0,11.81,0.6730907500000001,1100176,3300528,0,0,0,0,0,0,0.0
233,69124,300,static,static,0,0,0,-1.1000000000000012,0.6716657500000001,1104976,3314928,0,0,0,0,0,0,0.0
234,69320,196,static,static,1,0,0,11.3,0.67073475,1108112,3324336,0,0,0,0,0,0,0.0
235,69595,275,static,static,1,0,0,10.51,0.6694285,1112512,3337536,0,0,0,0,0,0,0.0
236,69828,233,static,static,1,0,0,10.93,0.66832175,1116240,3348720,0,0,0,0,0,0,0.0
237,69999,171,static,static,1,0,0,11.55,0.6675095,1118976,3356928,0,0,0,0,0,0,0.0
238,70299,300,static,static,0,0,0,-0.30000000000000054,0.6660845,1123776,3371328,0,0,0,0,0,0,0.0
239,70502,203,static,static,1,0,0,11.23,0.66512025,1127024,3381072,0,0,0,0,0,0,0.0
240,70771,269,static,static,1,0,0,10.57,0.6638425,1131328,3393984,0,0,0,0,0,0,0.0
241,70945,174,static,static,1,0,0,11.52,0.663016,1134112,3402336,0,0,0,0,0,0,0.0
242,71191,246,static,static,1,0,0,10.799999999999999,0.6618475,1138048,3414144,0,0,0,0,0,0,0.0
243,71423,232,static,static,1,0,0,10.94,0.6607455,1141760,3425280,0,0,0,0,0,0,0.0
244,71668,245,static,static,1,0,0,10.81,0.6595817500000001,1145680,3437040,0,0,0,0,0,0,0.0
245,71968,300,static,static,0,0,0,0.14999999999999908,0.6581567500000001,1150480,3451440,0,0,0,0,0,0,0.0
246,72164,196,static,static,1,0,0,11.3,0.65722575,1153616,3460848,0,0,0,0,0,0,0.0
247,72366,202,static,static,1,0,0,11.24,0.65626625,1156848,3470544,0,0,0,0,0,0,0.0
248,72555,189,static,static,1,0,0,11.370000000000001,0.6553685,1159872,3479616,0,0,0,0,0,0,0.0
249,72751,196,static,static,1,0,0,11.3,0.6544375,1163008,3489024,0,0,0,0,0,0,0.0
250,72948,197,static,static,1,0,0,11.290000000000001,0.65350175,1166160,3498480,0,0,0,0,0,0,0.0
251,73146,198,static,static,1,0,0,11.280000000000001,0.65256125,1169328,3507984,0,0,0,0,0,0,0.0
252,73301,155,static,static,1,0,0,11.71,0.6518250000000001,1171808,3515424,0,0,0,0,0,0,0.0
253,73469,168,static,static,1,0,0,11.58,0.651027,1174496,3523488,0,0,0,0,0,0,0.0
254,73640,171,static,static,1,0,0,11.55,0.65021475,1177232,3531696,0,0,0,0,0,0,0.0
255,73866,226,static,static,1,0,0,11.0,0.64914125,1180848,3542544,0,0,0,0,0,0,0.0
256,74042,176,static,static,1,0,0,11.5,0.6483052499999999,1183664,3550992,0,0,0,0,0,0,0.0
257,74229,187,static,static,1,0,0,11.39,0.6474169999999999,1186656,3559968,0,0,0,0,0,0,0.0
258,74404,175,static,static,1,0,0,11.510000000000002,0.6465857500000001,1189456,3568368,0,0,0,0,0,0,0.0
259,74688,284,static,static,1,0,0,10.42,0.64523675,1194000,3582000,0,0,0,0,0,0,0.0
260,74864,176,static,static,1,0,0,11.5,0.64440075,1196816,3590448,0,0,0,0,0,0,0.0
261,75061,197,static,static,1,0,0,11.290000000000001,0.643465,1199968,3599904,0,0,0,0,0,0,0.0
262,75299,238,static,static,1,0,0,10.879999999999999,0.6423345,1203776,3611328,0,0,0,0,0,0,0.0
263,75494,195,static,static,1,0,0,11.31,0.64140825,1206896,3620688,0,0,0,0,0,0,0.0
264,75685,191,static,static,1,0,0,11.35,0.640501,1209952,3629856,0,0,0,0,0,0,0.0
265,75857,172,static,static,1,0,0,11.540000000000001,0.639684,1212704,3638112,0,0,0,0,0,0,0.0
266,76033,176,static,static,1,0,0,11.5,0.6388480000000001,1215520,3646560,0,0,0,0,0,0,0.0
267,76204,171,static,static,1,0,0,11.55,0.63803575,1218256,3654768,0,0,0,0,0,0,0.0
268,76384,180,static,static,1,0,0,11.46,0.63718075,1221136,3663408,0,0,0,0,0,0,0.0
269,76620,236,static,static,1,0,0,10.9,0.63605975,1224912,3674736,0,0,0,0,0,0,0.0
270,76832,212,static,static,1,0,0,11.14,0.63505275,1228304,3684912,0,0,0,0,0,0,0.0
271,76999,167,static,static,1,0,0,11.59,0.6342595,1230976,3692928,0,0,0,0,0,0,0.0
272,77274,275,static,static,1,0,0,10.51,0.63295325,1235376,3706128,0,0,0,0,0,0,0.0
273,77574,300,static,static,1,0,0,10.26,0.63152825,1240176,3720528,0,0,0,0,0,0,0.0
274,77792,218,static,static,1,0,0,11.08,0.63049275,1243664,3730992,0,0,0,0,0,0,0.0
275,78057,265,static,static,1,0,0,10.61,0.6292340000000001,1247904,3743712,0,0,0,0,0,0,0.0
276,78357,300,static,static,0,0,0,0.04999999999999894,0.6278090000000001,1252704,3758112,0,0,0,0,0,0,0.0
277,78657,300,static,static,0,0,0,-0.8500000000000014,0.626384,1257504,3772512,0,0,0,0,0,0,0.0
278,78816,159,static,static,1,0,0,11.67,0.62562875,1260048,3780144,0,0,0,0,0,0,0.0
279,79059,243,static,static,1,0,0,10.83,0.6244745,1263936,3791808,0,0,0,0,0,0,0.0
280,79359,300,static,static,0,0,0,-0.2500000000000015,0.6230495,1268736,3806208,0,0,0,0,0,0,0.0
281,79545,186,static,static,1,0,0,11.4,0.622166,1271712,3815136,0,0,0,0,0,0,0.0
282,79734,189,static,static,1,0,0,11.370000000000001,0.62126825,1274736,3824208,0,0,0,0,0,0,0.0
283,79876,142,static,static,1,0,0,11.840000000000002,0.62059375,1277008,3831024,0,0,0,0,0,0,0.0
284,80087,211,static,static,1,0,0,11.15,0.6195915000000001,1280384,3841152,0,0,0,0,0,0,0.0
285,80264,177,static,static,1,0,0,11.49,0.61875075,1283216,3849648,0,0,0,0,0,0,0.0
286,80418,154,static,static,1,0,0,11.72,0.61801925,1285680,3857040,0,0,0,0,0,0,0.0
287,80652,234,static,static,1,0,0,10.92,0.61690775,1289424,3868272,0,0,0,0,0,0,0.0
288,80846,194,static,static,1,0,0,11.32,0.61598625,1292528,3877584,0,0,0,0,0,0,0.0
289,81048,202,static,static,1,0,0,11.24,0.61502675,1295760,3887280,0,0,0,0,0,0,0.0
290,81224,176,static,static,1,0,0,11.5,0.61419075,1298576,3895728,0,0,0,0,0,0,0.0
291,81387,163,static,static,1,0,0,11.63,0.6134165,1301184,3903552,0,0,0,0,0,0,0.0
292,81561,174,static,static,1,0,0,11.52,0.61259,1303968,3911904,0,0,0,0,0,0,0.0
293,81766,205,static,static,1,0,0,11.21,0.61161625,1307248,3921744,0,0,0,0,0,0,0.0
294,81997,231,static,static,1,0,0,10.95,0.610519,1310944,3932832,0,0,0,0,0,0,0.0
295,82287,290,static,static,1,0,0,10.36,0.6091415,1315584,3946752,0,0,0,0,0,0,0.0
296,82483,196,static,static,1,0,0,11.3,0.6082105,1318720,3956160,0,0,0,0,0,0,0.0
297,82658,175,static,static,1,0,0,11.51,0.6073792499999999,1321520,3964560,0,0,0,0,0,0,0.0
298,82821,163,static,static,1,0,0,11.63,0.6066050000000001,1324128,3972384,0,0,0,0,0,0,0.0
299,82981,160,static,static,1,0,0,11.66,0.605845,1326688,3980064,0,0,0,0,0,0,0.0
300,83130,149,static,static,1,0,0,11.770000000000001,0.6051372500000001,1329072,3987216,0,0,0,0,0,0,0.0
301,83373,243,static,static,1,0,0,10.83,0.6039829999999999,1332960,3998880,0,0,0,0,0,0,0.0
302,83535,162,static,static,1,0,0,11.64,0.6032135000000001,1335552,4006656,0,0,0,0,0,0,0.0
303,83714,179,static,static,1,0,0,11.47,0.60236325,1338416,4015248,0,0,0,0,0,0,0.0
304,83886,172,static,static,1,0,0,11.540000000000001,0.60154625,1341168,4023504,0,0,0,0,0,0,0.0
305,84043,157,static,static,1,0,0,11.690000000000001,0.6008005000000001,1343680,4031040,0,0,0,0,0,0,0.0
306,84214,171,static,static,1,0,0,11.55,0.59998825,1346416,4039248,0,0,0,0,0,0,0.0
307,84389,175,static,static,1,0,0,11.510000000000002,0.599157,1349216,4047648,0,0,0,0,0,0,0.0
308,84535,146,static,static,1,0,0,11.8,0.5984635,1351552,4054656,0,0,0,0,0,0,0.0
309,84731,196,static,static,1,0,0,11.3,0.5975325,1354688,4064064,0,0,0,0,0,0,0.0
310,84946,215,static,static,1,0,0,11.11,0.59651125,1358128,4074384,0,0,0,0,0,0,0.0
311,85146,200,static,static,1,0,0,11.26,0.59556125,1361328,4083984,0,0,0,0,0,0,0.0
312,85360,214,static,static,1,0,0,11.120000000000001,0.5945447500000001,1364752,4094256,0,0,0,0,0,0,0.0
313,85505,145,static,static,1,0,0,11.81,0.5938559999999999,1367072,4101216,0,0,0,0,0,0,0.0
314,85638,133,static,static,1,0,0,11.930000000000001,0.59322425,1369200,4107600,0,0,0,0,0,0,0.0
315,85778,140,static,static,1,0,0,11.860000000000001,0.59255925,1371440,4114320,0,0,0,0,0,0,0.0
316,85979,201,static,static,1,0,0,11.25,0.5916045000000001,1374656,4123968,0,0,0,0,0,0,0.0
317,86231,252,static,static,1,0,0,10.74,0.5904075,1378688,4136064,0,0,0,0,0,0,0.0
318,86365,134,static,static,1,0,0,11.920000000000002,0.589771,1380832,4142496,0,0,0,0,0,0,0.0
319,86534,169,static,static,1,0,0,11.57,0.58896825,1383536,4150608,0,0,0,0,0,0,0.0
320,86718,184,static,static,1,0,0,11.42,0.58809425,1386480,4159440,0,0,0,0,0,0,0.0
321,86906,188,static,static,1,0,0,11.38,0.58720125,1389488,4168464,0,0,0,0,0,0,0.0
322,87072,166,static,static,1,0,0,11.600000000000001,0.58641275,1392144,4176432,0,0,0,0,0,0,0.0
323,87252,180,static,static,1,0,0,11.46,0.58555775,1395024,4185072,0,0,0,0,0,0,0.0
324,87435,183,static,static,1,0,0,11.43,0.5846884999999999,1397952,4193856,0,0,0,0,0,0,0.0
325,87610,175,static,static,1,0,0,11.51,0.58385725,1400752,4202256,0,0,0,0,0,0,0.0
326,87729,119,static,static,1,0,0,12.07,0.583292,1402656,4207968,0,0,0,0,0,0,0.0
327,87915,186,static,static,1,0,0,11.4,0.5824085,1405632,4216896,0,0,0,0,0,0,0.0
328,88073,158,static,static,1,0,0,11.68,0.581658,1408160,4224480,0,0,0,0,0,0,0.0
329,88231,158,static,static,1,0,0,11.680000000000001,0.5809075,1410688,4232064,0,0,0,0,0,0,0.0
330,88396,165,static,static,1,0,0,11.610000000000001,0.58012375,1413328,4239984,0,0,0,0,0,0,0.0
331,88565,169,static,static,1,0,0,11.57,0.579321,1416032,4248096,0,0,0,0,0,0,0.0
332,88706,141,static,static,1,0,0,11.850000000000001,0.5786512500000001,1418288,4254864,0,0,0,0,0,0,0.0
333,88885,179,static,static,1,0,0,11.47,0.577801,1421152,4263456,0,0,0,0,0,0,0.0
334,89058,173,static,static,1,0,0,11.530000000000001,0.57697925,1423920,4271760,0,0,0,0,0,0,0.0
335,89243,185,static,static,1,0,0,11.41,0.5761005,1426880,4280640,0,0,0,0,0,0,0.0
336,89418,175,static,static,1,0,0,11.51,0.5752692500000001,1429680,4289040,0,0,0,0,0,0,0.0
337,89607,189,static,static,1,0,0,11.370000000000001,0.5743715,1432704,4298112,0,0,0,0,0,0,0.0
338,89781,174,static,static,1,0,0,11.520000000000001,0.573545,1435488,4306464,0,0,0,0,0,0,0.0
339,89980,199,static,static,1,0,0,11.270000000000001,0.57259975,1438672,4316016,0,0,0,0,0,0,0.0
340,90147,167,static,static,1,0,0,11.59,0.5718065,1441344,4324032,0,0,0,0,0,0,0.0
341,90313,166,static,static,1,0,0,11.600000000000001,0.571018,1444000,4332000,0,0,0,0,0,0,0.0
342,90482,169,static,static,1,0,0,11.57,0.57021525,1446704,4340112,0,0,0,0,0,0,0.0
343,90611,129,static,static,1,0,0,11.97,0.5696025,1448768,4346304,0,0,0,0,0,0,0.0
344,90795,184,static,static,1,0,0,11.42,0.5687285,1451712,4355136,0,0,0,0,0,0,0.0
345,90969,174,static,static,1,0,0,11.520000000000001,0.567902,1454496,4363488,0,0,0,0,0,0,0.0
346,91111,142,static,static,1,0,0,11.840000000000002,0.5672275,1456768,4370304,0,0,0,0,0,0,0.0
347,91255,144,static,static,1,0,0,11.82,0.5665435000000001,1459072,4377216,0,0,0,0,0,0,0.0
348,91438,183,static,static,1,0,0,11.43,0.56567425,1462000,4386000,0,0,0,0,0,0,0.0
349,91629,191,static,static,1,0,0,11.350000000000001,0.564767,1465056,4395168,0,0,0,0,0,0,0.0
350,91783,154,static,static,1,0,0,11.72,0.5640355,1467520,4402560,0,0,0,0,0,0,0.0
351,91961,178,static,static,1,0,0,11.48,0.5631900000000001,1470368,4411104,0,0,0,0,0,0,0.0
352,92153,192,static,static,1,0,0,11.34,0.5622780000000001,1473440,4420320,0,0,0,0,0,0,0.0
353,92339,186,static,static,1,0,0,11.4,0.5613945,1476416,4429248,0,0,0,0,0,0,0.0
354,92468,129,static,static,1,0,0,11.97,0.5607817500000001,1478480,4435440,0,0,0,0,0,0,0.0
355,92638,170,static,static,1,0,0,11.56,0.55997425,1481200,4443600,0,0,0,0,0,0,0.0
356,92767,129,static,static,1,0,0,11.97,0.5593615000000001,1483264,4449792,0,0,0,0,0,0,0.0
357,92943,176,static,static,1,0,0,11.5,0.5585255,1486080,4458240,0,0,0,0,0,0,0.0
358,93132,189,static,static,1,0,0,11.370000000000001,0.55762775,1489104,4467312,0,0,0,0,0,0,0.0
359,93346,214,static,static,1,0,0,11.120000000000001,0.55661125,1492528,4477584,0,0,0,0,0,0,0.0
360,93494,148,static,static,1,0,0,11.780000000000001,0.55590825,1494896,4484688,0,0,0,0,0,0,0.0
361,93614,120,static,static,1,0,0,12.06,0.55533825,1496816,4490448,0,0,0,0,0,0,0.0
362,93770,156,static,static,1,0,0,11.700000000000001,0.55459725,1499312,4497936,0,0,0,0,0,0,0.0
363,93917,147,static,static,1,0,0,11.790000000000001,0.553899,1501664,4504992,0,0,0,0,0,0,0.0
364,94051,134,static,static,1,0,0,11.920000000000002,0.5532625,1503808,4511424,0,0,0,0,0,0,0.0
365,94187,136,static,static,1,0,0,11.9,0.5526165000000001,1505984,4517952,0,0,0,0,0,0,0.0
366,94382,195,static,static,1,0,0,11.31,0.55169025,1509104,4527312,0,0,0,0,0,0,0.0
367,94532,150,static,static,1,0,0,11.760000000000002,0.55097775,1511504,4534512,0,0,0,0,0,0,0.0
368,94673,141,static,static,1,0,0,11.850000000000001,0.550308,1513760,4541280,0,0,0,0,0,0,0.0
369,94779,106,static,static,1,0,0,12.200000000000001,0.5498045,1515456,4546368,0,0,0,0,0,0,0.0
370,94917,138,static,static,1,0,0,11.88,0.549149,1517664,4552992,0,0,0,0,0,0,0.0
371,95049,132,static,static,1,0,0,11.940000000000001,0.548522,1519776,4559328,0,0,0,0,0,0,0.0
372,95217,168,static,static,1,0,0,11.58,0.5477240000000001,1522464,4567392,0,0,0,0,0,0,0.0
373,95356,139,static,static,1,0,0,11.870000000000001,0.54706375,1524688,4574064,0,0,0,0,0,0,0.0
374,95507,151,static,static,1,0,0,11.75,0.5463465000000001,1527104,4581312,0,0,0,0,0,0,0.0
375,95680,173,static,static,1,0,0,11.530000000000001,0.54552475,1529872,4589616,0,0,0,0,0,0,0.0
376,95835,155,static,static,1,0,0,11.71,0.5447885,1532352,4597056,0,0,0,0,0,0,0.0
377,96015,180,static,static,1,0,0,11.46,0.5439335000000001,1535232,4605696,0,0,0,0,0,0,0.0
378,96159,144,static,static,1,0,0,11.82,0.5432495,1537536,4612608,0,0,0,0,0,0,0.0
379,96303,144,static,static,1,0,0,11.82,0.5425655,1539840,4619520,0,0,0,0,0,0,0.0
380,96468,165,static,static,1,0,0,11.610000000000001,0.54178175,1542480,4627440,0,0,0,0,0,0,0.0
381,96571,103,static,static,1,0,0,12.23,0.5412925,1544128,4632384,0,0,0,0,0,0,0.0
382,96695,124,static,static,1,0,0,12.020000000000001,0.5407035,1546112,4638336,0,0,0,0,0,0,0.0
383,96850,155,static,static,1,0,0,11.71,0.5399672500000001,1548592,4645776,0,0,0,0,0,0,0.0
384,97007,157,static,static,1,0,0,11.690000000000001,0.5392215,1551104,4653312,0,0,0,0,0,0,0.0
385,97133,126,static,static,1,0,0,12.0,0.5386230000000001,1553120,4659360,0,0,0,0,0,0,0.0
386,97289,156,static,static,1,0,0,11.700000000000001,0.537882,1555616,4666848,0,0,0,0,0,0,0.0
387,97419,130,static,static,1,0,0,11.96,0.5372645,1557696,4673088,0,0,0,0,0,0,0.0
388,97605,186,static,static,1,0,0,11.4,0.536381,1560672,4682016,0,0,0,0,0,0,0.0
389,97747,142,static,static,1,0,0,11.840000000000002,0.5357065000000001,1562944,4688832,0,0,0,0,0,0,0.0
390,97919,172,static,static,1,0,0,11.540000000000001,0.5348895,1565696,4697088,0,0,0,0,0,0,0.0
391,98075,156,static,static,1,0,0,11.700000000000001,0.5341485,1568192,4704576,0,0,0,0,0,0,0.0
392,98191,116,static,static,1,0,0,12.100000000000001,0.5335975,1570048,4710144,0,0,0,0,0,0,0.0
393,98347,156,static,static,1,0,0,11.700000000000001,0.5328565000000001,1572544,4717632,0,0,0,0,0,0,0.0
394,98487,140,static,static,1,0,0,11.860000000000001,0.5321915,1574784,4724352,0,0,0,0,0,0,0.0
395,98613,126,static,static,1,0,0,12.0,0.531593,1576800,4730400,0,0,0,0,0,0,0.0
396,98732,119,static,static,1,0,0,12.07,0.53102775,1578704,4736112,0,0,0,0,0,0,0.0
397,98967,235,static,static,1,0,0,10.91,0.5299115000000001,1582464,4747392,0,0,0,0,0,0,0.0
398,99087,120,static,static,1,0,0,12.06,0.5293415,1584384,4753152,0,0,0,0,0,0,0.0
399,99247,160,static,static,1,0,0,11.66,0.5285815,1586944,4760832,0,0,0,0,0,0,0.0
400,99378,131,static,static,1,0,0,11.950000000000001,0.52795925,1589040,4767120,0,0,0,0,0,0,0.0
401,99503,125,static,static,1,0,0,12.010000000000002,0.5273654999999999,1591040,4773120,0,0,0,0,0,0,0.0
402,99661,158,static,static,1,0,0,11.680000000000001,0.526615,1593568,4780704,0,0,0,0,0,0,0.0
403,99755,94,static,static,1,0,0,12.320000000000002,0.5261685,1595072,4785216,0,0,0,0,0,0,0.0
404,99895,140,static,static,1,0,0,11.860000000000001,0.5255035,1597312,4791936,0,0,0,0,0,0,0.0
405,100069,174,static,static,1,0,0,11.520000000000001,0.5246770000000001,1600096,4800288,0,0,0,0,0,0,0.0
406,100185,116,static,static,1,0,0,12.100000000000001,0.524126,1601952,4805856,0,0,0,0,0,0,0.0
407,100338,153,static,static,1,0,0,11.73,0.52339925,1604400,4813200,0,0,0,0,0,0,0.0
408,100504,166,static,static,1,0,0,11.600000000000001,0.5226107499999999,1607056,4821168,0,0,0,0,0,0,0.0
409,100635,131,static,static,1,0,0,11.950000000000001,0.5219885,1609152,4827456,0,0,0,0,0,0,0.0
410,100783,148,static,static,1,0,0,11.780000000000001,0.5212855000000001,1611520,4834560,0,0,0,0,0,0,0.0
411,100959,176,static,static,1,0,0,11.5,0.5204495,1614336,4843008,0,0,0,0,0,0,0.0
412,101099,140,static,static,1,0,0,11.860000000000001,0.5197845000000001,1616576,4849728,0,0,0,0,0,0,0.0
413,101253,154,static,static,1,0,0,11.72,0.519053,1619040,4857120,0,0,0,0,0,0,0.0
414,101386,133,static,static,1,0,0,11.930000000000001,0.5184212500000001,1621168,4863504,0,0,0,0,0,0,0.0
415,101515,129,static,static,1,0,0,11.97,0.5178085000000001,1623232,4869696,0,0,0,0,0,0,0.0
416,101675,160,static,static,1,0,0,11.66,0.5170485,1625792,4877376,0,0,0,0,0,0,0.0
417,101803,128,static,static,1,0,0,11.98,0.5164405000000001,1627840,4883520,0,0,0,0,0,0,0.0
418,101944,141,static,static,1,0,0,11.850000000000001,0.51577075,1630096,4890288,0,0,0,0,0,0,0.0
419,102083,139,static,static,1,0,0,11.870000000000001,0.5151105,1632320,4896960,0,0,0,0,0,0,0.0
420,102263,180,static,static,1,0,0,11.46,0.5142555,1635200,4905600,0,0,0,0,0,0,0.0
421,102395,132,static,static,1,0,0,11.940000000000001,0.5136285,1637312,4911936,0,0,0,0,0,0,0.0
422,102516,121,static,static,1,0,0,12.05,0.5130537500000001,1639248,4917744,0,0,0,0,0,0,0.0
423,102640,124,static,static,1,0,0,12.020000000000001,0.5124647500000001,1641232,4923696,0,0,0,0,0,0,0.0
424,102768,128,static,static,1,0,0,11.98,0.51185675,1643280,4929840,0,0,0,0,0,0,0.0
425,102924,156,static,static,1,0,0,11.700000000000001,0.51111575,1645776,4937328,0,0,0,0,0,0,0.0
426,103054,130,static,static,1,0,0,11.96,0.51049825,1647856,4943568,0,0,0,0,0,0,0.0
427,103186,132,static,static,1,0,0,11.940000000000001,0.50987125,1649968,4949904,0,0,0,0,0,0,0.0
428,103287,101,static,static,1,0,0,12.250000000000002,0.5093915,1651584,4954752,0,0,0,0,0,0,0.0
429,103433,146,static,static,1,0,0,11.8,0.5086980000000001,1653920,4961760,0,0,0,0,0,0,0.0
430,103540,107,static,static,1,0,0,12.190000000000001,0.50818975,1655632,4966896,0,0,0,0,0,0,0.0
431,103672,132,static,static,1,0,0,11.940000000000001,0.50756275,1657744,4973232,0,0,0,0,0,0,0.0
432,103838,166,static,static,1,0,0,11.600000000000001,0.5067742500000001,1660400,4981200,0,0,0,0,0,0,0.0
433,103968,130,static,static,1,0,0,11.96,0.5061567499999999,1662480,4987440,0,0,0,0,0,0,0.0
434,104127,159,static,static,1,0,0,11.670000000000002,0.5054015000000001,1665024,4995072,0,0,0,0,0,0,0.0
435,104298,171,static,static,1,0,0,11.55,0.50458925,1667760,5003280,0,0,0,0,0,0,0.0
436,104449,151,static,static,1,0,0,11.75,0.503872,1670176,5010528,0,0,0,0,0,0,0.0
437,104560,111,static,static,1,0,0,12.150000000000002,0.50334475,1671952,5015856,0,0,0,0,0,0,0.0
438,104705,145,static,static,1,0,0,11.81,0.502656,1674272,5022816,0,0,0,0,0,0,0.0
439,104875,170,static,static,1,0,0,11.56,0.5018485,1676992,5030976,0,0,0,0,0,0,0.0
440,104996,121,static,static,1,0,0,12.05,0.5012737500000001,1678928,5036784,0,0,0,0,0,0,0.0
441,105135,139,static,static,1,0,0,11.870000000000001,0.5006135,1681152,5043456,0,0,0,0,0,0,0.0
442,105269,134,static,static,1,0,0,11.920000000000002,0.499977,1683296,5049888,0,0,0,0,0,0,0.0
443,105406,137,static,static,1,0,0,11.89,0.4993262500000001,1685488,5056464,0,0,0,0,0,0,0.0
444,105569,163,static,static,1,0,0,11.63,0.498552,1688096,5064288,0,0,0,0,0,0,0.0
445,105699,130,static,static,1,0,0,11.96,0.49793450000000006,1690176,5070528,0,0,0,0,0,0,0.0
446,105824,125,static,static,1,0,0,12.010000000000002,0.49734075,1692176,5076528,0,0,0,0,0,0,0.0
447,105993,169,static,static,1,0,0,11.57,0.49653800000000003,1694880,5084640,0,0,0,0,0,0,0.0
448,106111,118,static,static,1,0,0,12.080000000000002,0.49597750000000007,1696768,5090304,0,0,0,0,0,0,0.0
449,106234,123,static,static,1,0,0,12.030000000000001,0.49539325,1698736,5096208,0,0,0,0,0,0,0.0
450,106358,124,static,static,1,0,0,12.020000000000001,0.49480425000000006,1700720,5102160,0,0,0,0,0,0,0.0
451,106483,125,static,static,1,0,0,12.010000000000002,0.4942105,1702720,5108160,0,0,0,0,0,0,0.0
452,106629,146,static,static,1,0,0,11.8,0.4935170000000001,1705056,5115168,0,0,0,0,0,0,0.0
453,106777,148,static,static,1,0,0,11.780000000000001,0.492814,1707424,5122272,0,0,0,0,0,0,0.0
454,106943,166,static,static,1,0,0,11.600000000000001,0.4920255,1710080,5130240,0,0,0,0,0,0,0.0
455,107105,162,static,static,1,0,0,11.64,0.491256,1712672,5138016,0,0,0,0,0,0,0.0
456,107211,106,static,static,1,0,0,12.200000000000001,0.49075250000000004,1714368,5143104,0,0,0,0,0,0,0.0
457,107370,159,static,static,1,0,0,11.67,0.48999725000000005,1716912,5150736,0,0,0,0,0,0,0.0
458,107534,164,static,static,1,0,0,11.620000000000001,0.4892182500000001,1719536,5158608,0,0,0,0,0,0,0.0
459,107689,155,static,static,1,0,0,11.71,0.48848199999999997,1722016,5166048,0,0,0,0,0,0,0.0
460,107801,112,static,static,1,0,0,12.14,0.48795,1723808,5171424,0,0,0,0,0,0,0.0
461,107988,187,static,static,1,0,0,11.39,0.48706174999999996,1726800,5180400,0,0,0,0,0,0,0.0
462,108103,115,static,static,1,0,0,12.110000000000001,0.4865155,1728640,5185920,0,0,0,0,0,0,0.0
463,108233,130,static,static,1,0,0,11.96,0.48589800000000005,1730720,5192160,0,0,0,0,0,0,0.0
464,108352,119,static,static,1,0,0,12.07,0.4853327500000001,1732624,5197872,0,0,0,0,0,0,0.0
465,108485,133,static,static,1,0,0,11.930000000000001,0.48470100000000005,1734752,5204256,0,0,0,0,0,0,0.0
466,108591,106,static,static,1,0,0,12.200000000000001,0.48419749999999995,1736448,5209344,0,0,0,0,0,0,0.0
467,108730,139,static,static,1,0,0,11.870000000000001,0.48353725000000003,1738672,5216016,0,0,0,0,0,0,0.0
468,108924,194,static,static,1,0,0,11.32,0.48261575,1741776,5225328,0,0,0,0,0,0,0.0
469,109059,135,static,static,1,0,0,11.91,0.4819745,1743936,5231808,0,0,0,0,0,0,0.0
470,109182,123,static,static,1,0,0,12.030000000000001,0.48139025,1745904,5237712,0,0,0,0,0,0,0.0
471,109306,124,static,static,1,0,0,12.020000000000001,0.48080124999999996,1747888,5243664,0,0,0,0,0,0,0.0
472,109395,89,static,static,1,0,0,12.370000000000001,0.48037850000000004,1749312,5247936,0,0,0,0,0,0,0.0
473,109542,147,static,static,1,0,0,11.790000000000001,0.47968025000000003,1751664,5254992,0,0,0,0,0,0,0.0
474,109675,133,static,static,1,0,0,11.930000000000001,0.4790485,1753792,5261376,0,0,0,0,0,0,0.0
475,109833,158,static,static,1,0,0,11.680000000000001,0.478298,1756320,5268960,0,0,0,0,0,0,0.0
476,109945,112,static,static,1,0,0,12.14,0.477766,1758112,5274336,0,0,0,0,0,0,0.0
