method,seed,safe_success_rate,dynamic_collision_rate,timeout_rate,safe_success_aulc,aulc_0_50000,aulc_50000_100000,aulc_100000_200000,last_five_checkpoint_mean,withdrawal_min_safe_success,withdrawal_min_checkpoint_step,active_replay_label_coverage,final_static_success,independent_safe_success_rate,independent_dynamic_collision_rate,independent_timeout_rate,independent_mean_steps,independent_mean_wait_steps
unguided_raw,0,0.92,0.08,0.0,0.27485619999999994,0.0040258,0.0,0.5476995,0.976,0.0,90020,0.0,1.0,0.958,0.042,0.0,65.376,0.352
unguided_raw,1,0.9,0.1,0.0,0.35630884999999995,0.03997272926162261,2.470738377392896e-06,0.6926300999999999,0.96,0.0,90051,0.0,1.0,0.962,0.036,0.002,65.498,0.13
unguided_raw,2,1.0,0.0,0.0,0.5285712499999999,0.023902399999999997,0.1424180057796508,0.9739822971101744,0.984,0.18,90098,0.0,1.0,0.978,0.014,0.008,68.098,0.642
unguided_raw,3,1.0,0.0,0.0,0.24587155,0.040278,0.0,0.47160409999999997,0.9280000000000002,0.0,90198,0.0,1.0,0.998,0.002,0.0,66.602,0.214
unguided_raw,4,0.9,0.1,0.0,0.048408900000000005,0.0080176,0.0,0.09280900000000002,0.27599999999999997,0.0,90156,0.0,1.0,0.942,0.052,0.006,67.53,1.526
unguided_bound,0,0.94,0.06,0.0,0.35720479999999993,0.0040258,0.0,0.7123967,0.984,0.0,90059,0.0,1.0,0.97,0.03,0.0,65.434,0.486
unguided_bound,1,1.0,0.0,0.0,0.53154225,0.01993345329524185,0.17625613306839452,0.9649897068181817,0.9559999999999998,0.4,90145,0.0,1.0,1.0,0.0,0.0,66.668,0.092
unguided_bound,2,1.0,0.0,0.0,0.55153245,0.0119572,0.23223685785922865,0.9809678710703856,0.9879999999999999,0.6,90082,0.0,1.0,0.99,0.01,0.0,65.88,0.102
unguided_bound,3,1.0,0.0,0.0,0.5644772499999999,0.039972,0.32586993788942736,0.9460335310552863,0.9800000000000001,0.5,90016,0.0,1.0,0.996,0.004,0.0,66.578,0.204
unguided_bound,4,0.94,0.06,0.0,0.4130507,0.0080176,0.011497728468033777,0.816343735765983,0.952,0.0,90237,0.0,1.0,0.938,0.062,0.0,64.358,0.34
advice_raw,0,0.0,0.0,1.0,0.0,0.0,0.0,0.0,0.0,0.0,90147,0.0,0.0,0.0,0.024,0.976,293.462,152.71
advice_raw,1,0.98,0.02,0.0,0.13226865000000002,0.0,0.0,0.26453730000000003,0.628,0.0,90096,0.0,1.0,0.978,0.016,0.006,68.246,0.482
advice_raw,2,0.0,0.0,1.0,0.0,0.0,0.0,0.0,0.0,0.0,90214,0.0,0.0,0.0,0.0,1.0,300.0,33.046
advice_raw,3,0.0,0.02,0.98,0.0,0.0,0.0,0.0,0.0,0.0,90204,0.0,0.0,0.0,0.054,0.946,285.116,19.696
advice_raw,4,0.0,0.0,1.0,0.0,0.0,0.0,0.0,0.0,0.0,90058,0.0,0.0,0.0,0.016,0.984,295.584,47.822
advice_bound,0,1.0,0.0,0.0,0.5818342,0.003959835909678703,0.38929398163418094,0.96704149122807,0.9719999999999999,0.64,90060,0.0,1.0,1.0,0.0,0.0,66.578,0.286
advice_bound,1,1.0,0.0,0.0,0.59070475,0.0,0.3868204,0.9879992999999999,0.9960000000000001,0.92,120044,0.0,1.0,0.984,0.016,0.0,65.868,0.17
advice_bound,2,1.0,0.0,0.0,0.6297309999999999,0.0,0.5850959182924396,0.9669140408537802,0.992,0.9,100064,0.0,1.0,0.974,0.026,0.0,66.394,0.508
advice_bound,3,1.0,0.0,0.0,0.6287879,0.05145497657148623,0.5278292678796659,0.967933677774424,1.0,0.78,90108,0.0,1.0,1.0,0.0,0.0,66.504,0.36
advice_bound,4,1.0,0.0,0.0,0.59079835,0.0,0.39123748310282624,0.9859779584485868,0.9960000000000001,0.92,110029,0.0,1.0,0.998,0.002,0.0,66.654,0.28
advice_margin,0,0.98,0.0,0.02,0.4045848499999999,0.81378914165002,0.46721758132095886,0.16866633851451057,0.43599999999999994,0.0,100188,0.6818318722927408,1.0,0.986,0.006,0.008,69.422,3.104
advice_margin,1,0.0,0.02,0.98,0.3313075,0.7680409483741469,0.5531551112707522,0.0020169701775504065,0.004,0.0,100067,0.6858765866674706,0.0,0.0,0.024,0.976,293.776,42.634
advice_margin,2,0.98,0.02,0.0,0.42017495000000005,0.8103558907058002,0.4227621779652764,0.22379086566446182,0.548,0.0,100094,0.6761857292891529,1.0,0.988,0.012,0.0,67.17,0.772
advice_margin,3,0.14,0.0,0.86,0.2926932,0.7285040369033292,0.428322966113741,0.006972898491464868,0.028000000000000004,0.0,100100,0.6806753198460317,0.0,0.124,0.022,0.854,266.32,1.03
advice_margin,4,0.4,0.16,0.44,0.33806445,0.7119118883942767,0.5134589206438251,0.0634434954809491,0.168,0.0,100234,0.6851399420608838,0.0,0.418,0.088,0.494,181.682,19.644
advice_bound_margin,0,1.0,0.0,0.0,0.8968531000000001,0.8193800226176116,0.9143950107290099,0.9268186833266892,0.992,0.7,100107,0.6976556768273686,1.0,0.974,0.026,0.0,66.172,0.398
advice_bound_margin,1,1.0,0.0,0.0,0.91496855,0.8517306673000791,0.962428440077379,0.9228575463112708,0.9960000000000001,0.62,110095,0.7008310532054954,1.0,0.996,0.004,0.0,66.224,0.136
advice_bound_margin,2,1.0,0.0,0.0,0.91190705,0.8679336550558406,0.9263778710561531,0.9266583369440032,0.984,0.58,100089,0.6966049650254771,1.0,0.982,0.018,0.0,65.472,0.198
advice_bound_margin,3,0.92,0.08,0.0,0.9219385499999999,0.8381536744416873,0.9497904175150953,0.9499050540216086,0.9720000000000001,0.76,110061,0.6949206226570587,1.0,0.982,0.018,0.0,65.946,0.15
advice_bound_margin,4,1.0,0.0,0.0,0.92272125,0.8551411429084739,0.9384497803637126,0.9486470383639067,0.992,0.62,100109,0.6955814200359796,1.0,1.0,0.0,0.0,66.378,0.102
supervision_only_bound,0,0.94,0.02,0.04,0.8317959500000002,0.45541439999999994,0.9799231864433972,0.9459231067783013,0.9800000000000001,0.9,120081,0.4315776348981417,1.0,0.958,0.018,0.024,71.988,6.588
supervision_only_bound,1,1.0,0.0,0.0,0.8643818,0.6272998151530157,0.9899777808509802,0.920124801998002,0.984,0.78,110027,0.4326393390518688,1.0,0.986,0.014,0.0,65.506,0.188
supervision_only_bound,2,0.98,0.02,0.0,0.7625264,0.47309331593059933,0.854604437474205,0.8612039232975977,0.96,0.26,100085,0.43447631807720527,1.0,0.962,0.038,0.0,65.628,0.34
supervision_only_bound,3,0.98,0.02,0.0,0.8325711,0.41441240346169594,0.9699057017543102,0.9729831473919968,0.9800000000000001,0.9,110008,0.4310168679209254,1.0,0.988,0.012,0.0,65.874,0.134
supervision_only_bound,4,1.0,0.0,0.0,0.85951705,0.5262360565996417,0.9418523434003584,0.9849899000000001,0.9960000000000001,0.96,110088,0.43407682460477787,1.0,0.998,0.002,0.0,66.524,0.152
