method,seed,environment_steps,gradient_updates,final_safe_success_rate,final_dynamic_collision_rate,final_timeout_rate,safe_success_aulc_0to200k,first_observed_ge90_step,all_remaining_checks_ge90_from_step,first_observed_ge95_step,all_remaining_checks_ge95_from_step,best_observed_safe_success_rate,last_five_checks_mean_safe_success_rate,final_failure_count,final_timeout_count,final_waiting_dominated_timeouts,final_repeated_movement_timeouts,final_periodic_tail_timeouts,static_original_task_safe_success,static_steps,static_termination_reason,static_wait_steps
unguided,0,200000,199501,0.92,0.08,0.0,0.2748562,160027,160027,160027,,1.0,0.976,4,0,0,0,0,1.0,66,goal,0
unguided,1,200000,199501,0.9,0.1,0.0,0.35630884999999995,140038,140038,150013,,1.0,0.96,5,0,0,0,0,1.0,66,goal,0
unguided,2,200000,199501,1.0,0.0,0.0,0.52857125,100064,100064,100064,120034,1.0,0.984,0,0,0,0,0,1.0,66,goal,0
unguided,3,200000,199501,1.0,0.0,0.0,0.24587155,160015,190007,160015,190007,1.0,0.9280000000000002,0,0,0,0,0,1.0,66,goal,0
unguided,4,200000,199501,0.9,0.1,0.0,0.048408900000000005,200000,200000,,,0.9,0.27599999999999997,5,0,0,0,0,1.0,66,goal,0
path_guided,0,200000,199501,0.84,0.12,0.04,0.42046019999999995,120026,,120026,,1.0,0.952,8,2,0,2,2,1.0,66,goal,0
path_guided,1,200000,199501,1.0,0.0,0.0,0.33672655,140040,140040,150047,150047,1.0,0.992,0,0,0,0,0,1.0,66,goal,0
path_guided,2,200000,199501,0.98,0.02,0.0,0.3483272,140061,140061,150011,190013,0.98,0.96,1,0,0,0,0,1.0,66,goal,0
path_guided,3,200000,199501,0.98,0.02,0.0,0.1530287,180063,180063,190055,190055,1.0,0.712,1,0,0,0,0,1.0,66,goal,0
path_guided,4,200000,199501,0.98,0.02,0.0,0.37511665,140035,140035,140035,140035,1.0,0.992,1,0,0,0,0,1.0,66,goal,0
