method,seed,environment_steps,scenario_id,termination_reason,selection_reason,file
supervision_only_bound,0,200000,validation_seed91701999_episode000018,timeout,All new-ablation final failures on the original 50 scenes.,trajectories/supervision_only_bound_seed0_step200000_validation_seed91701999_episode000018.json
supervision_only_bound,0,200000,validation_seed91701999_episode000034,timeout,All new-ablation final failures on the original 50 scenes.,trajectories/supervision_only_bound_seed0_step200000_validation_seed91701999_episode000034.json
supervision_only_bound,0,200000,validation_seed91701999_episode000044,collision,All new-ablation final failures on the original 50 scenes.,trajectories/supervision_only_bound_seed0_step200000_validation_seed91701999_episode000044.json
supervision_only_bound,2,200000,validation_seed91701999_episode000030,collision,All new-ablation final failures on the original 50 scenes.,trajectories/supervision_only_bound_seed2_step200000_validation_seed91701999_episode000030.json
supervision_only_bound,3,200000,validation_seed91701999_episode000030,collision,All new-ablation final failures on the original 50 scenes.,trajectories/supervision_only_bound_seed3_step200000_validation_seed91701999_episode000030.json
supervision_only_bound,2,100085,validation_seed91701999_episode000002,timeout,First scenario ID with waiting_dominated at the specified low checkpoint.,trajectories/supervision_only_bound_seed2_step100085_validation_seed91701999_episode000002.json
supervision_only_bound,2,100085,validation_seed91701999_episode000030,collision,First scenario ID with collision at the specified low checkpoint.,trajectories/supervision_only_bound_seed2_step100085_validation_seed91701999_episode000030.json
supervision_only_bound,2,110173,validation_seed91701999_episode000003,timeout,First scenario ID with waiting_dominated at the specified low checkpoint.,trajectories/supervision_only_bound_seed2_step110173_validation_seed91701999_episode000003.json
supervision_only_bound,2,110173,validation_seed91701999_episode000001,timeout,First scenario ID with repeated_movement at the specified low checkpoint.,trajectories/supervision_only_bound_seed2_step110173_validation_seed91701999_episode000001.json
supervision_only_bound,0,140031,validation_seed91701999_episode000004,timeout,First scenario ID with repeated_movement at the specified low checkpoint.,trajectories/supervision_only_bound_seed0_step140031_validation_seed91701999_episode000004.json
supervision_only_bound,1,140028,validation_seed91701999_episode000004,timeout,First scenario ID with repeated_movement at the specified low checkpoint.,trajectories/supervision_only_bound_seed1_step140028_validation_seed91701999_episode000004.json
advice_bound_margin,3,200000,independent_final_seed91702500_000051,collision,All independent final failures for this seed.,trajectories/advice_bound_margin_seed3_step200000_independent_final_seed91702500_000051.json
advice_bound_margin,3,200000,independent_final_seed91702500_000135,collision,All independent final failures for this seed.,trajectories/advice_bound_margin_seed3_step200000_independent_final_seed91702500_000135.json
advice_bound_margin,3,200000,independent_final_seed91702500_000228,collision,All independent final failures for this seed.,trajectories/advice_bound_margin_seed3_step200000_independent_final_seed91702500_000228.json
advice_bound_margin,3,200000,independent_final_seed91702500_000317,collision,All independent final failures for this seed.,trajectories/advice_bound_margin_seed3_step200000_independent_final_seed91702500_000317.json
advice_bound_margin,3,200000,independent_final_seed91702500_000343,collision,All independent final failures for this seed.,trajectories/advice_bound_margin_seed3_step200000_independent_final_seed91702500_000343.json
advice_bound_margin,3,200000,independent_final_seed91702500_000388,collision,All independent final failures for this seed.,trajectories/advice_bound_margin_seed3_step200000_independent_final_seed91702500_000388.json
advice_bound_margin,3,200000,independent_final_seed91702500_000402,collision,All independent final failures for this seed.,trajectories/advice_bound_margin_seed3_step200000_independent_final_seed91702500_000402.json
advice_bound_margin,3,200000,independent_final_seed91702500_000438,collision,All independent final failures for this seed.,trajectories/advice_bound_margin_seed3_step200000_independent_final_seed91702500_000438.json
advice_bound_margin,3,200000,independent_final_seed91702500_000443,collision,All independent final failures for this seed.,trajectories/advice_bound_margin_seed3_step200000_independent_final_seed91702500_000443.json
supervision_only_bound,0,200000,independent_final_seed91702500_000043,timeout,All 12 independent final waiting timeouts for the new ablation seed0.,trajectories/supervision_only_bound_seed0_step200000_independent_final_seed91702500_000043.json
supervision_only_bound,0,200000,independent_final_seed91702500_000101,timeout,All 12 independent final waiting timeouts for the new ablation seed0.,trajectories/supervision_only_bound_seed0_step200000_independent_final_seed91702500_000101.json
supervision_only_bound,0,200000,independent_final_seed91702500_000138,timeout,All 12 independent final waiting timeouts for the new ablation seed0.,trajectories/supervision_only_bound_seed0_step200000_independent_final_seed91702500_000138.json
supervision_only_bound,0,200000,independent_final_seed91702500_000204,timeout,All 12 independent final waiting timeouts for the new ablation seed0.,trajectories/supervision_only_bound_seed0_step200000_independent_final_seed91702500_000204.json
supervision_only_bound,0,200000,independent_final_seed91702500_000219,timeout,All 12 independent final waiting timeouts for the new ablation seed0.,trajectories/supervision_only_bound_seed0_step200000_independent_final_seed91702500_000219.json
supervision_only_bound,0,200000,independent_final_seed91702500_000253,timeout,All 12 independent final waiting timeouts for the new ablation seed0.,trajectories/supervision_only_bound_seed0_step200000_independent_final_seed91702500_000253.json
supervision_only_bound,0,200000,independent_final_seed91702500_000274,timeout,All 12 independent final waiting timeouts for the new ablation seed0.,trajectories/supervision_only_bound_seed0_step200000_independent_final_seed91702500_000274.json
supervision_only_bound,0,200000,independent_final_seed91702500_000276,timeout,All 12 independent final waiting timeouts for the new ablation seed0.,trajectories/supervision_only_bound_seed0_step200000_independent_final_seed91702500_000276.json
supervision_only_bound,0,200000,independent_final_seed91702500_000349,timeout,All 12 independent final waiting timeouts for the new ablation seed0.,trajectories/supervision_only_bound_seed0_step200000_independent_final_seed91702500_000349.json
supervision_only_bound,0,200000,independent_final_seed91702500_000357,timeout,All 12 independent final waiting timeouts for the new ablation seed0.,trajectories/supervision_only_bound_seed0_step200000_independent_final_seed91702500_000357.json
supervision_only_bound,0,200000,independent_final_seed91702500_000382,timeout,All 12 independent final waiting timeouts for the new ablation seed0.,trajectories/supervision_only_bound_seed0_step200000_independent_final_seed91702500_000382.json
supervision_only_bound,0,200000,independent_final_seed91702500_000406,timeout,All 12 independent final waiting timeouts for the new ablation seed0.,trajectories/supervision_only_bound_seed0_step200000_independent_final_seed91702500_000406.json
supervision_only_bound,3,200000,independent_final_seed91702500_000076,collision,All independent final failures for this seed.,trajectories/supervision_only_bound_seed3_step200000_independent_final_seed91702500_000076.json
supervision_only_bound,3,200000,independent_final_seed91702500_000104,collision,All independent final failures for this seed.,trajectories/supervision_only_bound_seed3_step200000_independent_final_seed91702500_000104.json
supervision_only_bound,3,200000,independent_final_seed91702500_000113,collision,All independent final failures for this seed.,trajectories/supervision_only_bound_seed3_step200000_independent_final_seed91702500_000113.json
supervision_only_bound,3,200000,independent_final_seed91702500_000153,collision,All independent final failures for this seed.,trajectories/supervision_only_bound_seed3_step200000_independent_final_seed91702500_000153.json
supervision_only_bound,3,200000,independent_final_seed91702500_000237,collision,All independent final failures for this seed.,trajectories/supervision_only_bound_seed3_step200000_independent_final_seed91702500_000237.json
supervision_only_bound,3,200000,independent_final_seed91702500_000296,collision,All independent final failures for this seed.,trajectories/supervision_only_bound_seed3_step200000_independent_final_seed91702500_000296.json
