method,seed,mode,environment_steps,safe_success_rate,dynamic_collision_rate,timeout_rate,safe_success_aulc,last_five_checkpoint_mean,static_success,static_steps,waiting_dominated_failures,repeated_movement_failures,periodic_tail_failures,max_observed_training_q_abs,max_observed_raw_target
unguided_bound,0,probe,2000,0.0,0.02,0.98,0.0,,False,300,49,0,0,0.306734561920166,0.311678946018219
advice_raw,0,probe,2000,0.0,0.06,0.94,0.0,,False,300,47,0,0,14.185272216796875,11.401309967041016
advice_bound,0,probe,2000,0.0,0.02,0.98,0.0,,False,300,7,42,42,14.185272216796875,11.167028427124023
advice_margin,0,probe,2000,0.92,0.08,0.0,0.46,,True,66,0,0,0,11.352518081665039,10.477397918701172
advice_bound_margin,0,probe,2000,0.92,0.08,0.0,0.46,,True,66,0,0,0,11.352518081665039,10.370657920837402
unguided_bound,1,probe,2000,0.0,0.34,0.66,0.0,,False,300,32,1,1,1.2093042135238647,0.35556232929229736
advice_raw,1,probe,2000,0.0,0.0,1.0,0.0,,False,300,50,0,0,13.617549896240234,10.175353050231934
advice_bound,1,probe,2000,0.0,0.08,0.92,0.0,,False,300,0,46,46,13.617549896240234,11.012178421020508
advice_margin,1,probe,2000,0.92,0.08,0.0,0.46,,True,66,0,0,0,11.297208786010742,10.60225772857666
advice_bound_margin,1,probe,2000,0.92,0.08,0.0,0.46,,True,66,0,0,0,11.248191833496094,10.270600318908691
