seed,environment_steps,rho_Astar,SafeSuccess_all,SafeSuccess_conflict,N_completed,N_conflict,C_t,Cbar_t,updated
0,0,0.25,,,,,,,
0,10000,0.25,0.0,0.0,40,17,0.0,0.0,True
0,20000,0.25,0.0,0.0,41,25,0.0,0.0,True
0,30000,0.25,0.0,0.0,51,38,0.0,0.0,True
0,40000,0.25,0.0,0.0,47,27,0.0,0.0,True
0,50000,0.25,0.0,0.0,39,19,0.0,0.0,True
0,60000,0.25,0.0,0.0,39,16,0.0,0.0,True
0,70000,0.25,0.0,0.0,55,42,0.0,0.0,True
0,80000,0.25,0.0,0.0,79,74,0.0,0.0,True
0,90000,0.25,0.05555555555555555,0.031746031746031744,72,63,0.031746031746031744,0.009523809523809523,True
0,100000,0.25,0.23711340206185566,0.19101123595505617,97,89,0.19101123595505617,0.06397003745318351,True
0,110000,0.25,0.5327102803738317,0.45454545454545453,107,88,0.45454545454545453,0.1811426625808648,True
0,120000,0.25,0.6171875,0.5333333333333333,128,105,0.5333333333333333,0.2867998638066054,True
0,130000,0.25,0.8571428571428571,0.7638888888888888,119,72,0.7638888888888888,0.4299265713312904,True
0,140000,0.25,0.8712121212121212,0.8425925925925926,132,108,0.8425925925925926,0.553726377709681,True
0,150000,0.21586753175198634,0.8928571428571429,0.8672566371681416,140,113,0.8672566371681416,0.6477854555472191,True
0,160000,0.1512154973346155,0.9642857142857143,0.9494949494949495,140,99,0.9494949494949495,0.7382983037315383,True
0,170000,0.10998804756845997,0.9507042253521126,0.9306930693069307,142,101,0.9306930693069307,0.796016733404156,True
0,180000,0.08240637984170074,0.9517241379310345,0.9247311827956989,145,93,0.9247311827956989,0.8346310682216189,True
0,190000,0.05861614290782414,0.9655172413793104,0.9456521739130435,145,92,0.9456521739130435,0.8679373999290462,True
0,200000,0.03924558574976264,0.9722222222222222,0.9583333333333334,144,96,0.9583333333333334,0.8950561799503323,True
1,0,0.25,,,,,,,
1,10000,0.25,0.0,0.0,47,28,0.0,0.0,True
1,20000,0.25,0.0,0.0,49,28,0.0,0.0,True
1,30000,0.25,0.0,0.0,39,14,0.0,0.0,True
1,40000,0.25,0.0,0.0,42,20,0.0,0.0,True
1,50000,0.25,0.0,0.0,42,16,0.0,0.0,True
1,60000,0.25,0.0,0.0,50,32,0.0,0.0,True
1,70000,0.25,0.0,0.0,61,44,0.0,0.0,True
1,80000,0.25,0.0,0.0,57,41,0.0,0.0,True
1,90000,0.25,0.0,0.0,57,45,0.0,0.0,True
1,100000,0.25,0.0,0.0,68,64,0.0,0.0,True
1,110000,0.25,0.014492753623188406,0.015384615384615385,69,65,0.014492753623188406,0.004347826086956522,True
1,120000,0.25,0.014705882352941176,0.014705882352941176,68,68,0.014705882352941176,0.007455242966751918,True
1,130000,0.25,0.08,0.08,75,75,0.08,0.029218670076726343,True
1,140000,0.25,0.5822784810126582,0.5942028985507246,79,69,0.5822784810126582,0.1951366133575059,True
1,150000,0.25,0.8476190476190476,0.8552631578947368,105,76,0.8476190476190476,0.3908813436359684,True
1,160000,0.25,0.890625,0.8725490196078431,128,102,0.8725490196078431,0.5353816464275307,True
1,170000,0.2106464133201924,0.9440559440559441,0.9344262295081968,143,122,0.9344262295081968,0.6550950213517306,True
1,180000,0.15995248932413475,0.9103448275862069,0.8916666666666667,145,120,0.8916666666666667,0.7260665149462113,True
1,190000,0.11581556360872508,0.9477611940298507,0.9320388349514563,134,103,0.9320388349514563,0.7878582109477849,True
1,200000,0.08226137071658376,0.9562043795620438,0.9444444444444444,137,108,0.9444444444444444,0.8348340809967827,True
2,0,0.25,,,,,,,
2,10000,0.25,0.0,0.0,39,18,0.0,0.0,True
2,20000,0.25,0.0,0.0,47,23,0.0,0.0,True
2,30000,0.25,0.0,0.0,42,23,0.0,0.0,True
2,40000,0.25,0.0,0.0,54,39,0.0,0.0,True
2,50000,0.25,0.0,0.0,68,60,0.0,0.0,True
2,60000,0.25,0.0,0.0,79,64,0.0,0.0,True
2,70000,0.25,0.0,0.0,72,64,0.0,0.0,True
2,80000,0.25,0.0,0.0,57,43,0.0,0.0,True
2,90000,0.25,0.0,0.0,71,63,0.0,0.0,True
2,100000,0.25,0.0,0.0,73,65,0.0,0.0,True
2,110000,0.25,0.0,0.0,50,33,0.0,0.0,True
2,120000,0.25,0.0,0.0,54,40,0.0,0.0,True
2,130000,0.25,0.0,0.0,54,44,0.0,0.0,True
2,140000,0.25,0.0,0.0,49,40,0.0,0.0,True
2,150000,0.25,0.0,0.0,39,30,0.0,0.0,True
2,160000,0.25,0.0,0.0,42,29,0.0,0.0,True
2,170000,0.25,0.0,0.0,35,10,0.0,0.0,True
2,180000,0.25,0.0,0.0,40,25,0.0,0.0,True
2,190000,0.25,0.0,0.0,35,20,0.0,0.0,True
2,200000,0.25,0.0,0.0,35,18,0.0,0.0,True
3,0,0.25,,,,,,,
3,10000,0.25,0.0,0.0,40,15,0.0,0.0,True
3,20000,0.25,0.0,0.0,45,23,0.0,0.0,True
3,30000,0.25,0.0,0.0,52,37,0.0,0.0,True
3,40000,0.25,0.0,0.0,59,48,0.0,0.0,True
3,50000,0.25,0.0,0.0,52,36,0.0,0.0,True
3,60000,0.25,0.0,0.0,59,45,0.0,0.0,True
3,70000,0.25,0.0,0.0,71,59,0.0,0.0,True
3,80000,0.25,0.014705882352941176,0.017543859649122806,68,57,0.014705882352941176,0.004411764705882353,True
3,90000,0.25,0.043478260869565216,0.03225806451612903,69,62,0.03225806451612903,0.012765654648956355,True
3,100000,0.25,0.20588235294117646,0.18032786885245902,68,61,0.18032786885245902,0.06303431891000716,True
3,110000,0.25,0.2222222222222222,0.16666666666666666,63,54,0.16666666666666666,0.094124023237005,True
3,120000,0.25,0.32075471698113206,0.24390243902439024,53,41,0.24390243902439024,0.13905754797322056,True
3,130000,0.25,0.4444444444444444,0.40816326530612246,63,49,0.40816326530612246,0.2197892631730911,True
3,140000,0.25,0.13953488372093023,0.18518518518518517,43,27,0.13953488372093023,0.19571294933744282,True
3,150000,0.25,0.2682926829268293,0.25806451612903225,41,31,0.25806451612903225,0.21441841937491962,True
3,160000,0.25,0.43137254901960786,0.39285714285714285,51,28,0.39285714285714285,0.2679500364195866,True
3,170000,0.25,0.7912087912087912,0.8064516129032258,91,62,0.7912087912087912,0.424927662856348,True
3,180000,0.25,0.905511811023622,0.8736842105263158,127,95,0.8736842105263158,0.5595546271573383,True
3,190000,0.19981452315602477,0.9428571428571428,0.9285714285714286,140,112,0.9285714285714286,0.6702596675815653,True
3,200000,0.15058445192350303,0.916083916083916,0.9,143,120,0.9,0.7391817673070957,True
4,0,0.25,,,,,,,
4,10000,0.25,0.0,0.0,43,23,0.0,0.0,True
4,20000,0.25,0.0,0.0,49,30,0.0,0.0,True
4,30000,0.25,0.0,0.0,57,42,0.0,0.0,True
4,40000,0.25,0.0,0.0,54,44,0.0,0.0,True
4,50000,0.25,0.0,0.0,58,48,0.0,0.0,True
4,60000,0.25,0.0,0.0,60,49,0.0,0.0,True
4,70000,0.25,0.0,0.0,56,43,0.0,0.0,True
4,80000,0.25,0.0,0.0,70,61,0.0,0.0,True
4,90000,0.25,0.0,0.0,68,59,0.0,0.0,True
4,100000,0.25,0.0,0.0,59,48,0.0,0.0,True
4,110000,0.25,0.0196078431372549,0.024390243902439025,51,41,0.0196078431372549,0.0058823529411764705,True
4,120000,0.25,0.015625,0.0,64,56,0.0,0.004117647058823529,True
4,130000,0.25,0.043478260869565216,0.05263157894736842,46,38,0.043478260869565216,0.015925831202046034,True
4,140000,0.25,0.023255813953488372,0.03225806451612903,43,31,0.023255813953488372,0.018124826027478735,True
4,150000,0.25,0.0,0.0,35,15,0.0,0.012687378219235114,True
4,160000,0.25,0.18604651162790697,0.25,43,24,0.18604651162790697,0.06469511824183667,True
4,170000,0.25,0.025,0.0,40,27,0.0,0.04528658276928567,True
4,180000,0.25,0.15,0.20689655172413793,40,29,0.15,0.07670060793849996,True
4,190000,0.25,0.02564102564102564,0.03333333333333333,39,30,0.02564102564102564,0.061382733249257665,True
4,200000,0.25,0.0,0.0,42,35,0.0,0.042967913274480365,True
