seed,first_environment_step,last_environment_step,demo_count,online_count,gradient_updates,actual_demo_fraction
0,500,150000,16,48,149501,0.25
0,150001,160000,14,50,10000,0.21875
0,160001,170000,10,54,10000,0.15625
0,170001,180000,7,57,10000,0.109375
0,180001,190000,5,59,10000,0.078125
0,190001,200000,4,60,10000,0.0625
1,500,170000,16,48,169501,0.25
1,170001,180000,13,51,10000,0.203125
1,180001,190000,10,54,10000,0.15625
1,190001,200000,7,57,10000,0.109375
2,500,200000,16,48,199501,0.25
3,500,190000,16,48,189501,0.25
3,190001,200000,13,51,10000,0.203125
4,500,200000,16,48,199501,0.25
