environment_steps,scenario_id,obstacle_count,safe_success,dynamic_collision,static_collision,timeout,steps,return,termination_reason,collision_position,failure_behavior,wait_steps,max_wait_streak,movement_steps,movement_revisits,immediate_reversals,unique_positions,tail_unique_positions,final_position,final_goal_manhattan
0,static_original_map,0,1,0,0,0,66,12.600000000000001,goal,,safe_arrival,0,0,66,0,0,67,51,"[36, 36]",0
10000,static_original_map,0,1,0,0,0,66,12.600000000000001,goal,,safe_arrival,0,0,66,0,0,67,51,"[36, 36]",0
20000,static_original_map,0,1,0,0,0,66,12.600000000000001,goal,,safe_arrival,0,0,66,0,0,67,51,"[36, 36]",0
30000,static_original_map,0,1,0,0,0,66,12.600000000000001,goal,,safe_arrival,0,0,66,0,0,67,51,"[36, 36]",0
40000,static_original_map,0,1,0,0,0,68,12.580000000000002,goal,,safe_arrival,0,0,68,0,0,69,51,"[36, 36]",0
50000,static_original_map,0,1,0,0,0,66,12.600000000000001,goal,,safe_arrival,0,0,66,0,0,67,51,"[36, 36]",0
60000,static_original_map,0,1,0,0,0,68,12.580000000000002,goal,,safe_arrival,0,0,68,0,0,69,51,"[36, 36]",0
70000,static_original_map,0,1,0,0,0,66,12.600000000000001,goal,,safe_arrival,0,0,66,0,0,67,51,"[36, 36]",0
80000,static_original_map,0,1,0,0,0,72,12.540000000000001,goal,,safe_arrival,0,0,72,0,0,73,51,"[36, 36]",0
90000,static_original_map,0,1,0,0,0,66,12.600000000000001,goal,,safe_arrival,0,0,66,0,0,67,51,"[36, 36]",0
100000,static_original_map,0,1,0,0,0,72,12.540000000000001,goal,,safe_arrival,0,0,72,0,0,73,51,"[36, 36]",0
110000,static_original_map,0,1,0,0,0,66,12.600000000000001,goal,,safe_arrival,0,0,66,0,0,67,51,"[36, 36]",0
120000,static_original_map,0,1,0,0,0,66,12.600000000000001,goal,,safe_arrival,0,0,66,0,0,67,51,"[36, 36]",0
130000,static_original_map,0,1,0,0,0,66,12.600000000000001,goal,,safe_arrival,0,0,66,0,0,67,51,"[36, 36]",0
140000,static_original_map,0,1,0,0,0,66,12.600000000000001,goal,,safe_arrival,0,0,66,0,0,67,51,"[36, 36]",0
150000,static_original_map,0,1,0,0,0,66,12.600000000000001,goal,,safe_arrival,0,0,66,0,0,67,51,"[36, 36]",0
160000,static_original_map,0,1,0,0,0,66,12.600000000000001,goal,,safe_arrival,0,0,66,0,0,67,51,"[36, 36]",0
170000,static_original_map,0,1,0,0,0,66,12.600000000000001,goal,,safe_arrival,0,0,66,0,0,67,51,"[36, 36]",0
180000,static_original_map,0,1,0,0,0,66,12.600000000000001,goal,,safe_arrival,0,0,66,0,0,67,51,"[36, 36]",0
190000,static_original_map,0,1,0,0,0,66,12.600000000000001,goal,,safe_arrival,0,0,66,0,0,67,51,"[36, 36]",0
200000,static_original_map,0,1,0,0,0,66,12.600000000000001,goal,,safe_arrival,0,0,66,0,0,67,51,"[36, 36]",0
