method,seed,mean_training_wait_per_environment_step,static_failed_checkpoints,final_validation_mean_wait_steps,test_mean_wait_steps,training_seconds,aulc_first_20000_steps,aulc_first_50000_steps,aulc_first_100000_steps,first_reach_50pct_step,first_reach_80pct_step,first_reach_95pct_step
foundation_no_demo,0,0.043575,1,0.06,0.135,3345.588480000006,0.395,0.624,0.774,30000,30000,70000
foundation_no_demo,1,0.04207,2,2.52,1.33,4399.403251600015,0.135,0.54,0.757,30000,30000,40000
foundation_no_demo,2,0.044735,0,0.1,0.18,4219.477250199998,0.575,0.754,0.854,10000,30000,50000
foundation_no_demo,3,0.040095,2,0.0,0.0,4396.489072600001,0.35,0.648,0.792,0,20000,40000
foundation_no_demo,4,0.043905,3,0.24,0.185,4379.928076100012,0.335,0.532,0.74,0,40000,70000
foundation_fixed_25,0,0.04424,1,0.54,0.59,4397.008310400008,0.355,0.634,0.798,20000,30000,60000
foundation_fixed_25,1,0.040305,0,0.02,0.015,4363.682409900008,0.635,0.794,0.888,10000,20000,50000
foundation_fixed_25,2,0.04199,0,0.16,0.17,4446.079436,0.555,0.712,0.819,10000,30000,50000
foundation_fixed_25,3,0.04524,1,5.04,11.78,4373.238262800005,0.605,0.672,0.822,0,20000,60000
foundation_fixed_25,4,0.044425,2,0.26,0.45,4482.159896099998,0.405,0.618,0.779,0,40000,70000
foundation_time_decay,0,0.044335,1,0.08,0.24,4406.533569000021,0.355,0.634,0.804,20000,30000,70000
foundation_time_decay,1,0.03991,0,0.1,0.15,4380.045264699991,0.635,0.794,0.874,10000,20000,50000
foundation_time_decay,2,0.04097,0,0.04,0.06,3764.0197351000097,0.555,0.712,0.812,10000,30000,50000
foundation_time_decay,3,0.04133,1,0.0,0.005,4362.198474000004,0.605,0.672,0.797,0,20000,60000
foundation_time_decay,4,0.04604,1,0.62,0.51,4302.905319500016,0.405,0.618,0.769,0,40000,60000
foundation_adaptive,0,0.04641,2,0.2,0.155,4407.205817200011,0.355,0.634,0.735,20000,30000,60000
foundation_adaptive,1,0.04132,0,0.2,0.345,3679.5310533000156,0.635,0.794,0.889,10000,20000,50000
foundation_adaptive,2,0.041905,0,0.0,0.04,4245.991352300014,0.555,0.712,0.842,10000,30000,50000
foundation_adaptive,3,0.046085,1,0.06,0.115,4379.970445899991,0.605,0.672,0.829,0,20000,60000
foundation_adaptive,4,0.044435,1,0.4,0.41,4285.044367800001,0.405,0.618,0.784,0,40000,60000
