environment_steps,monitor_safe_success,competence_ema,demo_fraction,demo_sample_count,online_sample_count,expert_exit_step,threshold_streak,demo_samples_cumulative,online_samples_cumulative
10000,0.0,0.0,0.25,16,48,,0,160000,480000
20000,0.8333333333333334,0.25,0.1875,12,52,,0,320000,960000
30000,0.8333333333333334,0.425,0.14375,9,55,,0,440000,1480000
40000,0.8333333333333334,0.5475,0.113125,7,57,,0,530000,2030000
50000,1.0,0.6832499999999999,0.07918750000000002,5,59,,0,600000,2600000
60000,1.0,0.7782749999999998,0.05543125000000004,4,60,,0,650000,3190000
70000,1.0,0.8447924999999998,0.03880187500000004,2,62,,0,690000,3790000
80000,1.0,0.8913547499999999,0.027161312500000034,2,62,,0,710000,4410000
90000,1.0,0.9239483249999998,0.019012918750000052,1,63,,1,730000,5030000
100000,1.0,0.9467638274999999,0.0,0,64,100000,2,740000,5660000
110000,0.9166666666666666,0.9377346792499999,0.0,0,64,100000,2,740000,6300000
120000,1.0,0.9564142754749998,0.0,0,64,100000,2,740000,6940000
130000,1.0,0.9694899928324998,0.0,0,64,100000,2,740000,7580000
140000,1.0,0.9786429949827498,0.0,0,64,100000,2,740000,8220000
150000,1.0,0.9850500964879247,0.0,0,64,100000,2,740000,8860000
160000,1.0,0.9895350675415473,0.0,0,64,100000,2,740000,9500000
170000,1.0,0.992674547279083,0.0,0,64,100000,2,740000,10140000
180000,1.0,0.994872183095358,0.0,0,64,100000,2,740000,10780000
190000,1.0,0.9964105281667506,0.0,0,64,100000,2,740000,11420000
200000,1.0,0.9974873697167252,0.0,0,64,100000,2,740000,12060000
