bin_start_step,bin_end_step,steps,requested,applied,risk_veto,unavailable,advice_changes_action,observed_risk_steps,probability_sum,application_rate,mean_requested_probability
1,10000,10000,7560,7265,295,0,5336,389,7599.960000000001,0.7265,0.7599960000000001
10001,20000,10000,6894,6629,265,0,4662,380,6799.960000000004,0.6629,0.6799960000000004
20001,30000,10000,6095,5861,234,0,3789,376,5999.960000000003,0.5861,0.5999960000000003
30001,40000,10000,5176,4998,178,0,3023,321,5199.959999999999,0.4998,0.5199959999999999
40001,50000,10000,4388,4224,164,0,2349,318,4399.960000000006,0.4224,0.43999600000000066
50001,60000,10000,3550,3405,145,0,1787,401,3599.96,0.3405,0.359996
60001,70000,10000,2856,2776,80,0,1317,292,2799.9600000000005,0.2776,0.279996
70001,80000,10000,1974,1895,79,0,758,447,1999.9600000000003,0.1895,0.19999600000000003
80001,90000,10000,1222,1183,39,0,429,282,1199.9599999999996,0.1183,0.11999599999999996
90001,100000,10000,404,394,10,0,127,390,399.95999999999987,0.0394,0.03999599999999999
100001,110000,10000,0,0,0,0,0,0,0.0,0.0,0.0
110001,120000,10000,0,0,0,0,0,0,0.0,0.0,0.0
120001,130000,10000,0,0,0,0,0,0,0.0,0.0,0.0
130001,140000,10000,0,0,0,0,0,0,0.0,0.0,0.0
140001,150000,10000,0,0,0,0,0,0,0.0,0.0,0.0
150001,160000,10000,0,0,0,0,0,0,0.0,0.0,0.0
160001,170000,10000,0,0,0,0,0,0,0.0,0.0,0.0
170001,180000,10000,0,0,0,0,0,0,0.0,0.0,0.0
180001,190000,10000,0,0,0,0,0,0,0.0,0.0,0.0
190001,200000,10000,0,0,0,0,0,0,0.0,0.0,0.0
