bin_start_step,bin_end_step,collected_transitions,active_collected_transitions,eligible_collected_labels,critical_position_visits,critical_position_collisions,observed_head_on_position_visits,observed_head_on_collisions,exact_critical_observation_visits,exact_critical_collisions,critical_position_action_0,critical_position_action_1,critical_position_action_2,critical_position_action_3,critical_position_action_4,exact_critical_action_0,exact_critical_action_1,exact_critical_action_2,exact_critical_action_3,exact_critical_action_4,collected_label_coverage
1,1000,1000,1000,843,4,0,0,0,0,0,0,4,0,0,0,0,0,0,0,0,0.843
1001,2000,1000,1000,841,2,0,0,0,0,0,0,2,0,0,0,0,0,0,0,0,0.841
2001,3000,1000,1000,819,1,0,0,0,0,0,0,1,0,0,0,0,0,0,0,0,0.819
3001,4000,1000,1000,837,2,0,1,0,1,0,0,2,0,0,0,0,1,0,0,0,0.837
4001,5000,1000,1000,820,0,0,0,0,0,0,0,0,0,0,0,0,0,0,0,0,0.82
5001,6000,1000,1000,826,3,0,0,0,0,0,0,3,0,0,0,0,0,0,0,0,0.826
6001,7000,1000,1000,815,1,0,0,0,0,0,0,1,0,0,0,0,0,0,0,0,0.815
7001,8000,1000,1000,811,2,0,0,0,0,0,0,2,0,0,0,0,0,0,0,0,0.811
8001,9000,1000,1000,806,3,0,0,0,0,0,0,3,0,0,0,0,0,0,0,0,0.806
9001,10000,1000,1000,806,5,0,0,0,0,0,0,5,0,0,0,0,0,0,0,0,0.806
10001,11000,1000,1000,799,2,0,0,0,0,0,0,1,0,1,0,0,0,0,0,0,0.799
11001,12000,1000,1000,799,1,0,0,0,0,0,0,1,0,0,0,0,0,0,0,0,0.799
12001,13000,1000,1000,765,0,0,0,0,0,0,0,0,0,0,0,0,0,0,0,0,0.765
13001,14000,1000,1000,792,3,0,0,0,0,0,0,2,0,1,0,0,0,0,0,0,0.792
14001,15000,1000,1000,801,0,0,0,0,0,0,0,0,0,0,0,0,0,0,0,0,0.801
15001,16000,1000,1000,772,2,0,0,0,0,0,0,2,0,0,0,0,0,0,0,0,0.772
16001,17000,1000,1000,753,1,0,0,0,0,0,0,1,0,0,0,0,0,0,0,0,0.753
17001,18000,1000,1000,764,3,0,1,0,1,0,1,2,0,0,0,1,0,0,0,0,0.764
18001,19000,1000,1000,762,1,0,0,0,0,0,0,1,0,0,0,0,0,0,0,0,0.762
19001,20000,1000,1000,770,3,0,0,0,0,0,0,3,0,0,0,0,0,0,0,0,0.77
20001,21000,1000,1000,758,1,0,0,0,0,0,0,1,0,0,0,0,0,0,0,0,0.758
21001,22000,1000,1000,763,4,0,0,0,0,0,0,4,0,0,0,0,0,0,0,0,0.763
22001,23000,1000,1000,766,5,0,0,0,0,0,0,4,0,0,1,0,0,0,0,0,0.766
23001,24000,1000,1000,727,5,0,0,0,0,0,1,3,0,0,1,0,0,0,0,0,0.727
24001,25000,1000,1000,757,5,0,0,0,0,0,1,3,1,0,0,0,0,0,0,0,0.757
25001,26000,1000,1000,753,7,0,0,0,0,0,1,3,2,0,1,0,0,0,0,0,0.753
26001,27000,1000,1000,716,2,0,0,0,0,0,0,2,0,0,0,0,0,0,0,0,0.716
27001,28000,1000,1000,727,1,0,0,0,0,0,0,1,0,0,0,0,0,0,0,0,0.727
28001,29000,1000,1000,726,3,0,0,0,0,0,1,2,0,0,0,0,0,0,0,0,0.726
29001,30000,1000,1000,724,6,0,0,0,0,0,0,4,0,2,0,0,0,0,0,0,0.724
30001,31000,1000,1000,698,3,0,0,0,0,0,0,1,1,0,1,0,0,0,0,0,0.698
31001,32000,1000,1000,708,1,0,0,0,0,0,0,1,0,0,0,0,0,0,0,0,0.708
32001,33000,1000,1000,696,6,0,0,0,0,0,0,3,2,0,1,0,0,0,0,0,0.696
33001,34000,1000,1000,715,1,0,0,0,0,0,0,1,0,0,0,0,0,0,0,0,0.715
34001,35000,1000,1000,715,5,0,0,0,0,0,0,3,0,0,2,0,0,0,0,0,0.715
35001,36000,1000,1000,709,3,0,0,0,0,0,0,3,0,0,0,0,0,0,0,0,0.709
36001,37000,1000,1000,697,5,0,0,0,0,0,1,3,0,0,1,0,0,0,0,0,0.697
37001,38000,1000,1000,686,0,0,0,0,0,0,0,0,0,0,0,0,0,0,0,0,0.686
38001,39000,1000,1000,704,1,0,0,0,0,0,0,1,0,0,0,0,0,0,0,0,0.704
39001,40000,1000,1000,686,3,0,0,0,0,0,0,3,0,0,0,0,0,0,0,0,0.686
40001,41000,1000,1000,704,1,0,0,0,0,0,0,1,0,0,0,0,0,0,0,0,0.704
41001,42000,1000,1000,691,2,0,0,0,0,0,0,1,0,0,1,0,0,0,0,0,0.691
42001,43000,1000,1000,717,7,0,0,0,0,0,0,3,1,3,0,0,0,0,0,0,0.717
43001,44000,1000,1000,707,1,0,0,0,0,0,0,1,0,0,0,0,0,0,0,0,0.707
44001,45000,1000,1000,665,2,0,0,0,0,0,0,2,0,0,0,0,0,0,0,0,0.665
45001,46000,1000,1000,684,0,0,0,0,0,0,0,0,0,0,0,0,0,0,0,0,0.684
46001,47000,1000,1000,676,2,0,0,0,0,0,0,2,0,0,0,0,0,0,0,0,0.676
47001,48000,1000,1000,668,2,0,0,0,0,0,0,1,0,0,1,0,0,0,0,0,0.668
48001,49000,1000,1000,670,3,0,0,0,0,0,0,3,0,0,0,0,0,0,0,0,0.67
49001,50000,1000,1000,677,4,0,0,0,0,0,1,3,0,0,0,0,0,0,0,0,0.677
50001,51000,1000,1000,666,2,0,0,0,0,0,0,2,0,0,0,0,0,0,0,0,0.666
51001,52000,1000,1000,672,8,0,0,0,0,0,0,6,0,1,1,0,0,0,0,0,0.672
52001,53000,1000,1000,683,10,0,0,0,0,0,1,7,1,1,0,0,0,0,0,0,0.683
53001,54000,1000,1000,675,4,0,0,0,0,0,0,4,0,0,0,0,0,0,0,0,0.675
54001,55000,1000,1000,659,5,0,0,0,0,0,0,3,1,1,0,0,0,0,0,0,0.659
55001,56000,1000,1000,643,5,0,0,0,0,0,2,3,0,0,0,0,0,0,0,0,0.643
56001,57000,1000,1000,675,6,0,0,0,0,0,0,3,1,2,0,0,0,0,0,0,0.675
57001,58000,1000,1000,647,2,0,0,0,0,0,0,2,0,0,0,0,0,0,0,0,0.647
58001,59000,1000,1000,668,1,0,0,0,0,0,0,1,0,0,0,0,0,0,0,0,0.668
59001,60000,1000,1000,663,5,0,0,0,0,0,0,4,1,0,0,0,0,0,0,0,0.663
60001,61000,1000,1000,669,4,0,0,0,0,0,0,2,2,0,0,0,0,0,0,0,0.669
61001,62000,1000,1000,660,8,0,0,0,0,0,2,5,1,0,0,0,0,0,0,0,0.66
62001,63000,1000,1000,688,5,0,0,0,0,0,0,5,0,0,0,0,0,0,0,0,0.688
63001,64000,1000,1000,672,3,0,0,0,0,0,0,3,0,0,0,0,0,0,0,0,0.672
64001,65000,1000,1000,662,4,0,0,0,0,0,0,2,0,1,1,0,0,0,0,0,0.662
65001,66000,1000,1000,662,3,0,0,0,0,0,0,3,0,0,0,0,0,0,0,0,0.662
66001,67000,1000,1000,671,4,0,0,0,0,0,0,4,0,0,0,0,0,0,0,0,0.671
67001,68000,1000,1000,647,5,0,0,0,0,0,0,2,1,1,1,0,0,0,0,0,0.647
68001,69000,1000,1000,664,3,0,0,0,0,0,0,2,0,0,1,0,0,0,0,0,0.664
69001,70000,1000,1000,657,2,0,0,0,0,0,0,2,0,0,0,0,0,0,0,0,0.657
70001,71000,1000,1000,657,5,0,0,0,0,0,1,4,0,0,0,0,0,0,0,0,0.657
71001,72000,1000,1000,634,0,0,0,0,0,0,0,0,0,0,0,0,0,0,0,0,0.634
72001,73000,1000,1000,698,0,0,0,0,0,0,0,0,0,0,0,0,0,0,0,0,0.698
73001,74000,1000,1000,675,0,0,0,0,0,0,0,0,0,0,0,0,0,0,0,0,0.675
74001,75000,1000,1000,650,0,0,0,0,0,0,0,0,0,0,0,0,0,0,0,0,0.65
75001,76000,1000,1000,676,1,0,0,0,0,0,0,1,0,0,0,0,0,0,0,0,0.676
76001,77000,1000,1000,676,4,0,0,0,0,0,1,3,0,0,0,0,0,0,0,0,0.676
77001,78000,1000,1000,667,4,0,0,0,0,0,0,1,0,3,0,0,0,0,0,0,0.667
78001,79000,1000,1000,662,4,0,0,0,0,0,0,3,1,0,0,0,0,0,0,0,0.662
79001,80000,1000,1000,659,3,0,0,0,0,0,0,2,0,1,0,0,0,0,0,0,0.659
80001,81000,1000,1000,695,2,0,0,0,0,0,0,1,1,0,0,0,0,0,0,0,0.695
81001,82000,1000,1000,697,4,0,0,0,0,0,0,3,1,0,0,0,0,0,0,0,0.697
82001,83000,1000,1000,679,3,0,0,0,0,0,0,2,0,0,1,0,0,0,0,0,0.679
83001,84000,1000,1000,660,4,0,0,0,0,0,0,1,1,2,0,0,0,0,0,0,0.66
84001,85000,1000,1000,674,6,0,0,0,0,0,0,4,1,1,0,0,0,0,0,0,0.674
85001,86000,1000,1000,675,0,0,0,0,0,0,0,0,0,0,0,0,0,0,0,0,0.675
86001,87000,1000,1000,652,9,0,0,0,0,0,1,7,0,1,0,0,0,0,0,0,0.652
87001,88000,1000,1000,690,4,0,0,0,0,0,0,4,0,0,0,0,0,0,0,0,0.69
88001,89000,1000,1000,683,3,0,0,0,0,0,0,1,1,1,0,0,0,0,0,0,0.683
89001,90000,1000,1000,677,6,0,0,0,0,0,0,3,2,1,0,0,0,0,0,0,0.677
90001,91000,1000,1000,681,5,0,0,0,0,0,1,4,0,0,0,0,0,0,0,0,0.681
91001,92000,1000,1000,697,0,0,0,0,0,0,0,0,0,0,0,0,0,0,0,0,0.697
92001,93000,1000,1000,683,0,0,0,0,0,0,0,0,0,0,0,0,0,0,0,0,0.683
93001,94000,1000,1000,680,3,0,0,0,0,0,0,3,0,0,0,0,0,0,0,0,0.68
94001,95000,1000,1000,710,0,0,0,0,0,0,0,0,0,0,0,0,0,0,0,0,0.71
95001,96000,1000,1000,716,3,0,0,0,0,0,0,0,2,0,1,0,0,0,0,0,0.716
96001,97000,1000,1000,690,4,0,0,0,0,0,0,3,1,0,0,0,0,0,0,0,0.69
97001,98000,1000,1000,705,3,0,0,0,0,0,0,3,0,0,0,0,0,0,0,0,0.705
98001,99000,1000,1000,667,0,0,0,0,0,0,0,0,0,0,0,0,0,0,0,0,0.667
99001,100000,1000,999,621,4,0,0,0,0,0,0,4,0,0,0,0,0,0,0,0,0.621
100001,101000,1000,0,0,3,0,0,0,0,0,0,3,0,0,0,0,0,0,0,0,0.0
101001,102000,1000,0,0,6,0,0,0,0,0,0,5,1,0,0,0,0,0,0,0,0.0
102001,103000,1000,0,0,4,0,0,0,0,0,0,4,0,0,0,0,0,0,0,0,0.0
103001,104000,1000,0,0,5,0,0,0,0,0,0,2,0,3,0,0,0,0,0,0,0.0
104001,105000,1000,0,0,10,0,0,0,0,0,1,7,0,0,2,0,0,0,0,0,0.0
105001,106000,1000,0,0,2,0,0,0,0,0,0,2,0,0,0,0,0,0,0,0,0.0
106001,107000,1000,0,0,5,0,0,0,0,0,0,4,0,0,1,0,0,0,0,0,0.0
107001,108000,1000,0,0,3,0,0,0,0,0,1,0,0,2,0,0,0,0,0,0,0.0
108001,109000,1000,0,0,9,0,0,0,0,0,1,3,0,3,2,0,0,0,0,0,0.0
109001,110000,1000,0,0,5,0,0,0,0,0,0,1,1,3,0,0,0,0,0,0,0.0
110001,111000,1000,0,0,7,0,0,0,0,0,0,3,1,3,0,0,0,0,0,0,0.0
111001,112000,1000,0,0,6,0,0,0,0,0,0,3,0,2,1,0,0,0,0,0,0.0
112001,113000,1000,0,0,11,0,0,0,0,0,0,4,1,5,1,0,0,0,0,0,0.0
113001,114000,1000,0,0,9,0,0,0,0,0,0,4,0,5,0,0,0,0,0,0,0.0
114001,115000,1000,0,0,9,0,0,0,0,0,1,5,0,3,0,0,0,0,0,0,0.0
115001,116000,1000,0,0,7,0,0,0,0,0,0,5,0,2,0,0,0,0,0,0,0.0
116001,117000,1000,0,0,14,0,0,0,0,0,0,7,0,5,2,0,0,0,0,0,0.0
117001,118000,1000,0,0,4,0,0,0,0,0,0,4,0,0,0,0,0,0,0,0,0.0
118001,119000,1000,0,0,5,0,0,0,0,0,0,3,0,2,0,0,0,0,0,0,0.0
119001,120000,1000,0,0,1,0,0,0,0,0,0,1,0,0,0,0,0,0,0,0,0.0
120001,121000,1000,0,0,0,0,0,0,0,0,0,0,0,0,0,0,0,0,0,0,0.0
121001,122000,1000,0,0,0,0,0,0,0,0,0,0,0,0,0,0,0,0,0,0,0.0
122001,123000,1000,0,0,8,0,0,0,0,0,1,1,0,4,2,0,0,0,0,0,0.0
123001,124000,1000,0,0,18,0,0,0,0,0,1,2,0,15,0,0,0,0,0,0,0.0
124001,125000,1000,0,0,26,0,0,0,0,0,4,5,1,14,2,0,0,0,0,0,0.0
125001,126000,1000,0,0,23,0,0,0,0,0,1,0,0,20,2,0,0,0,0,0,0.0
126001,127000,1000,0,0,13,0,0,0,0,0,0,1,0,12,0,0,0,0,0,0,0.0
127001,128000,1000,0,0,16,0,0,0,0,0,0,0,1,14,1,0,0,0,0,0,0.0
128001,129000,1000,0,0,29,0,0,0,0,0,1,4,1,21,2,0,0,0,0,0,0.0
129001,130000,1000,0,0,18,0,0,0,0,0,0,3,0,13,2,0,0,0,0,0,0.0
130001,131000,1000,0,0,20,0,1,0,1,0,2,4,2,12,0,0,1,0,0,0,0.0
131001,132000,1000,0,0,19,0,0,0,0,0,1,5,0,11,2,0,0,0,0,0,0.0
132001,133000,1000,0,0,22,0,1,0,1,0,0,9,1,12,0,0,1,0,0,0,0.0
133001,134000,1000,0,0,15,0,0,0,0,0,0,6,0,9,0,0,0,0,0,0,0.0
134001,135000,1000,0,0,17,0,0,0,0,0,0,3,0,14,0,0,0,0,0,0,0.0
135001,136000,1000,0,0,22,0,0,0,0,0,2,6,0,14,0,0,0,0,0,0,0.0
136001,137000,1000,0,0,23,0,0,0,0,0,0,3,0,19,1,0,0,0,0,0,0.0
137001,138000,1000,0,0,19,0,0,0,0,0,0,1,0,17,1,0,0,0,0,0,0.0
138001,139000,1000,0,0,19,0,0,0,0,0,0,6,0,13,0,0,0,0,0,0,0.0
139001,140000,1000,0,0,11,0,0,0,0,0,0,5,1,5,0,0,0,0,0,0,0.0
140001,141000,1000,0,0,7,0,1,0,1,0,0,2,0,4,1,0,1,0,0,0,0.0
141001,142000,1000,0,0,24,0,0,0,0,0,0,2,0,22,0,0,0,0,0,0,0.0
142001,143000,1000,0,0,15,0,0,0,0,0,0,0,0,14,1,0,0,0,0,0,0.0
143001,144000,1000,0,0,17,0,0,0,0,0,1,1,0,14,1,0,0,0,0,0,0.0
144001,145000,1000,0,0,25,0,0,0,0,0,1,2,1,21,0,0,0,0,0,0,0.0
145001,146000,1000,0,0,10,0,0,0,0,0,0,3,0,7,0,0,0,0,0,0,0.0
146001,147000,1000,0,0,20,0,0,0,0,0,0,1,0,17,2,0,0,0,0,0,0.0
147001,148000,1000,0,0,3,0,0,0,0,0,0,0,0,3,0,0,0,0,0,0,0.0
148001,149000,1000,0,0,23,0,0,0,0,0,0,3,0,19,1,0,0,0,0,0,0.0
149001,150000,1000,0,0,24,0,0,0,0,0,0,1,0,22,1,0,0,0,0,0,0.0
150001,151000,1000,0,0,20,0,0,0,0,0,0,8,0,12,0,0,0,0,0,0,0.0
151001,152000,1000,0,0,26,0,0,0,0,0,0,7,0,19,0,0,0,0,0,0,0.0
152001,153000,1000,0,0,18,0,0,0,0,0,0,1,0,17,0,0,0,0,0,0,0.0
153001,154000,1000,0,0,11,0,0,0,0,0,1,5,0,5,0,0,0,0,0,0,0.0
154001,155000,1000,0,0,23,0,0,0,0,0,1,0,1,20,1,0,0,0,0,0,0.0
155001,156000,1000,0,0,27,0,0,0,0,0,1,1,1,23,1,0,0,0,0,0,0.0
156001,157000,1000,0,0,28,0,0,0,0,0,0,5,0,23,0,0,0,0,0,0,0.0
157001,158000,1000,0,0,8,0,1,0,1,0,0,5,0,3,0,0,1,0,0,0,0.0
158001,159000,1000,0,0,6,0,0,0,0,0,0,1,0,5,0,0,0,0,0,0,0.0
159001,160000,1000,0,0,7,0,0,0,0,0,0,5,0,2,0,0,0,0,0,0,0.0
160001,161000,1000,0,0,12,0,0,0,0,0,0,8,0,4,0,0,0,0,0,0,0.0
161001,162000,1000,0,0,14,0,0,0,0,0,1,5,1,7,0,0,0,0,0,0,0.0
162001,163000,1000,0,0,7,0,0,0,0,0,0,5,0,1,1,0,0,0,0,0,0.0
163001,164000,1000,0,0,16,0,0,0,0,0,2,3,0,11,0,0,0,0,0,0,0.0
164001,165000,1000,0,0,1,0,0,0,0,0,0,1,0,0,0,0,0,0,0,0,0.0
165001,166000,1000,0,0,0,0,0,0,0,0,0,0,0,0,0,0,0,0,0,0,0.0
166001,167000,1000,0,0,1,0,0,0,0,0,0,1,0,0,0,0,0,0,0,0,0.0
167001,168000,1000,0,0,3,0,0,0,0,0,0,1,0,2,0,0,0,0,0,0,0.0
168001,169000,1000,0,0,4,0,0,0,0,0,0,2,0,2,0,0,0,0,0,0,0.0
169001,170000,1000,0,0,5,0,0,0,0,0,0,3,0,2,0,0,0,0,0,0,0.0
170001,171000,1000,0,0,7,0,1,0,0,0,0,2,0,5,0,0,0,0,0,0,0.0
171001,172000,1000,0,0,17,0,1,0,1,0,0,2,0,15,0,0,1,0,0,0,0.0
172001,173000,1000,0,0,6,0,0,0,0,0,0,0,0,6,0,0,0,0,0,0,0.0
173001,174000,1000,0,0,26,0,0,0,0,0,0,1,0,25,0,0,0,0,0,0,0.0
174001,175000,1000,0,0,23,0,0,0,0,0,1,2,1,19,0,0,0,0,0,0,0.0
175001,176000,1000,0,0,26,0,0,0,0,0,0,1,0,25,0,0,0,0,0,0,0.0
176001,177000,1000,0,0,12,0,0,0,0,0,0,1,0,11,0,0,0,0,0,0,0.0
177001,178000,1000,0,0,15,0,0,0,0,0,0,1,0,14,0,0,0,0,0,0,0.0
178001,179000,1000,0,0,1,0,0,0,0,0,0,1,0,0,0,0,0,0,0,0,0.0
179001,180000,1000,0,0,10,0,0,0,0,0,0,1,1,8,0,0,0,0,0,0,0.0
180001,181000,1000,0,0,24,0,0,0,0,0,0,1,0,22,1,0,0,0,0,0,0.0
181001,182000,1000,0,0,24,0,0,0,0,0,0,0,0,24,0,0,0,0,0,0,0.0
182001,183000,1000,0,0,22,0,0,0,0,0,0,1,0,21,0,0,0,0,0,0,0.0
183001,184000,1000,0,0,26,0,0,0,0,0,0,1,0,25,0,0,0,0,0,0,0.0
184001,185000,1000,0,0,14,0,0,0,0,0,0,2,0,12,0,0,0,0,0,0,0.0
185001,186000,1000,0,0,23,0,0,0,0,0,0,2,1,20,0,0,0,0,0,0,0.0
186001,187000,1000,0,0,23,0,0,0,0,0,0,0,1,22,0,0,0,0,0,0,0.0
187001,188000,1000,0,0,26,0,0,0,0,0,0,2,2,21,1,0,0,0,0,0,0.0
188001,189000,1000,0,0,26,0,0,0,0,0,0,1,0,25,0,0,0,0,0,0,0.0
189001,190000,1000,0,0,20,0,0,0,0,0,0,1,1,18,0,0,0,0,0,0,0.0
190001,191000,1000,0,0,25,0,0,0,0,0,0,2,0,23,0,0,0,0,0,0,0.0
191001,192000,1000,0,0,30,0,0,0,0,0,2,7,1,20,0,0,0,0,0,0,0.0
192001,193000,1000,0,0,16,0,0,0,0,0,0,4,0,12,0,0,0,0,0,0,0.0
193001,194000,1000,0,0,8,0,0,0,0,0,0,1,0,7,0,0,0,0,0,0,0.0
194001,195000,1000,0,0,18,0,0,0,0,0,0,6,0,12,0,0,0,0,0,0,0.0
195001,196000,1000,0,0,28,0,0,0,0,0,0,0,0,28,0,0,0,0,0,0,0.0
196001,197000,1000,0,0,8,0,0,0,0,0,0,0,0,8,0,0,0,0,0,0,0.0
197001,198000,1000,0,0,22,0,0,0,0,0,0,2,0,20,0,0,0,0,0,0,0.0
198001,199000,1000,0,0,26,0,0,0,0,0,0,0,0,26,0,0,0,0,0,0,0.0
199001,200000,1000,0,0,25,0,2,0,0,0,0,2,0,23,0,0,0,0,0,0,0.0
